Unnamed: 0,Clothing ID,Age,Title,Review Text,Rating,Recommended IND,Positive Feedback Count,Division Name,Department Name,Class Name
0,998,63,Disappointed,Poor stitching and completely see-through. Definitely not worth the price.,1,0,2,General,Dresses,Dresses
1,1145,40,Disappointed,Item arrived with torn seams and looks completely different from the pictures.,1,0,13,Initmates,Tops,Blouses
2,865,33,Disappointed,Way over-priced for such thin material. Doesn't look good at all.,1,0,4,General,Dresses,Knits
3,942,37,Great Buy,Great quality fabric and beautiful fit. Got so many compliments at work.,5,1,6,Initmates,Dresses,Pants
4,1101,56,Disappointed,Poor stitching and completely see-through. Definitely not worth the price.,1,0,10,Initmates,Intimate,Dresses
5,1189,39,Great Buy,I absolutely loved this dress! Fits perfectly and very comfortable to wear all day.,5,1,5,General,Intimate,Pants
6,1093,26,Great Buy,This dress exceeded my expectations! Beautiful drape and wonderful structure.,5,1,4,General Petite,Bottoms,Knits
7,1007,67,Great Buy,Great quality fabric and beautiful fit. Got so many compliments at work.,5,1,12,General,Jackets,Fine knit
8,1139,28,Great Buy,Cute design but required ironing out of the bag. Average quality overall.,3,1,11,General Petite,Tops,Pants
9,1030,34,Disappointed,"Awful fit, looks like a sack on me. Fabric feels synthetic and uncomfortable.",1,0,2,Initmates,Dresses,Blouses
10,976,44,Great Buy,"Material is fine, but the sleeves are a bit longer than expected.",3,1,10,Initmates,Jackets,Pants
11,910,42,Disappointed,Way over-priced for such thin material. Doesn't look good at all.,1,0,4,General,Intimate,Fine knit
12,1091,49,Disappointed,Shrank completely after the first wash! Terrible quality for the price.,1,0,0,General,Bottoms,Fine knit
13,1061,23,Disappointed,Poor stitching and completely see-through. Definitely not worth the price.,1,0,9,General,Bottoms,Knits
14,1016,23,Great Buy,Gorgeous color and wonderful material. Highly recommend buying this top!,5,1,0,General,Tops,Fine knit
15,1145,27,Disappointed,Item arrived with torn seams and looks completely different from the pictures.,1,0,13,General,Intimate,Pants
16,1195,66,Great Buy,Flattering cut and lovely fabric! Will definitely order in another color.,5,1,5,Initmates,Intimate,Knits
17,1022,30,Disappointed,Poor stitching and completely see-through. Definitely not worth the price.,1,0,2,General,Intimate,Knits
18,822,51,Great Buy,One of my favorite purchases this season! Fits great and very versatile.,5,1,6,General,Tops,Pants
19,808,57,Great Buy,Cute design but required ironing out of the bag. Average quality overall.,3,1,5,Initmates,Intimate,Dresses
20,990,56,Great Buy,Gorgeous color and wonderful material. Highly recommend buying this top!,5,1,1,General Petite,Intimate,Blouses
21,1067,25,Great Buy,Gorgeous color and wonderful material. Highly recommend buying this top!,5,1,3,General,Tops,Blouses
22,1193,41,Great Buy,Soft material and nice design. Fits really well and fast shipping too.,5,1,9,General Petite,Tops,Knits
23,1123,33,Disappointed,Item arrived with torn seams and looks completely different from the pictures.,1,0,12,Initmates,Bottoms,Blouses
24,917,21,Great Buy,Super cute top! The embroidery details are amazing and material feels premium.,5,1,12,Initmates,Dresses,Dresses
25,856,37,Great Buy,I absolutely loved this dress! Fits perfectly and very comfortable to wear all day.,5,1,11,General Petite,Intimate,Blouses
26,1182,52,Great Buy,Super cute top! The embroidery details are amazing and material feels premium.,5,1,0,General,Intimate,Pants
27,1049,35,Great Buy,I absolutely loved this dress! Fits perfectly and very comfortable to wear all day.,5,1,10,General Petite,Jackets,Dresses
28,1063,50,Disappointed,Item arrived with torn seams and looks completely different from the pictures.,1,0,8,General Petite,Tops,Blouses
29,1067,21,Disappointed,Runs way too small and fabric is scratchy. Disappointed with the quality.,1,0,5,General Petite,Tops,Pants
30,1040,55,Great Buy,Fair product for the price point. Fits okay but nothing exceptional.,3,1,4,General,Tops,Blouses
31,1009,63,Disappointed,"Disappointing purchase. Cheap fabric, scratchy texture, and poor tailoring.",1,0,4,General,Intimate,Knits
32,957,55,Great Buy,Gorgeous color and wonderful material. Highly recommend buying this top!,5,1,7,Initmates,Tops,Knits
33,943,30,Disappointed,"Awful fit, looks like a sack on me. Fabric feels synthetic and uncomfortable.",1,0,2,General,Bottoms,Dresses
34,1103,49,Great Buy,One of my favorite purchases this season! Fits great and very versatile.,5,1,14,General Petite,Jackets,Fine knit
35,843,29,Disappointed,Poor stitching and completely see-through. Definitely not worth the price.,1,0,12,General Petite,Bottoms,Blouses
36,1181,39,Great Buy,Fair product for the price point. Fits okay but nothing exceptional.,3,1,6,Initmates,Intimate,Knits
37,861,44,Great Buy,One of my favorite purchases this season! Fits great and very versatile.,5,1,12,General,Bottoms,Dresses
38,1060,41,Disappointed,Sizing is completely off. Ordered my usual size and couldn't even zip it.,1,0,4,Initmates,Bottoms,Fine knit
39,962,38,Great Buy,I absolutely loved this dress! Fits perfectly and very comfortable to wear all day.,5,1,9,Initmates,Jackets,Pants
40,1112,68,Disappointed,The color faded immediately and button fell off. Very bad construction.,1,0,0,Initmates,Intimate,Knits
41,965,52,Disappointed,Shrank completely after the first wash! Terrible quality for the price.,1,0,6,General Petite,Dresses,Blouses
42,1197,36,Great Buy,"Decent quality for the price, but runs slightly small around the waist.",3,1,13,General,Tops,Blouses
43,896,47,Great Buy,Great quality fabric and beautiful fit. Got so many compliments at work.,5,1,6,General Petite,Dresses,Pants
44,959,50,Great Buy,Gorgeous color and wonderful material. Highly recommend buying this top!,5,1,2,General Petite,Dresses,Pants
45,880,29,Great Buy,Super cute top! The embroidery details are amazing and material feels premium.,5,1,2,General Petite,Jackets,Dresses
46,877,62,Disappointed,"Disappointing purchase. Cheap fabric, scratchy texture, and poor tailoring.",1,0,10,General,Jackets,Blouses
47,960,68,Great Buy,Flattering cut and lovely fabric! Will definitely order in another color.,5,1,12,General Petite,Dresses,Knits
48,800,34,Disappointed,"Awful fit, looks like a sack on me. Fabric feels synthetic and uncomfortable.",1,0,11,General,Intimate,Dresses
49,895,50,Great Buy,Fair product for the price point. Fits okay but nothing exceptional.,3,1,9,General Petite,Tops,Dresses
50,897,48,Great Buy,Gorgeous color and wonderful material. Highly recommend buying this top!,5,1,5,Initmates,Tops,Fine knit
51,913,36,Disappointed,Item arrived with torn seams and looks completely different from the pictures.,1,0,7,Initmates,Jackets,Knits
52,982,30,Great Buy,I absolutely loved this dress! Fits perfectly and very comfortable to wear all day.,5,1,7,General,Intimate,Pants
53,1087,21,Disappointed,"Terrible material, feels cheap and fits horribly. Returning it immediately.",1,0,6,General,Jackets,Dresses
54,1082,67,Great Buy,Soft material and nice design. Fits really well and fast shipping too.,5,1,4,General Petite,Intimate,Fine knit
55,1178,26,Disappointed,The color faded immediately and button fell off. Very bad construction.,1,0,14,General,Tops,Knits
56,831,22,Disappointed,Way over-priced for such thin material. Doesn't look good at all.,1,0,12,General,Jackets,Fine knit
57,1035,49,Great Buy,One of my favorite purchases this season! Fits great and very versatile.,5,1,12,General Petite,Intimate,Knits
58,837,44,Disappointed,Poor stitching and completely see-through. Definitely not worth the price.,1,0,13,Initmates,Jackets,Knits
59,1040,31,Great Buy,Cute design but required ironing out of the bag. Average quality overall.,3,1,4,General,Dresses,Knits
60,1026,52,Great Buy,Super cute top! The embroidery details are amazing and material feels premium.,5,1,2,General Petite,Tops,Pants
61,838,21,Great Buy,Gorgeous color and wonderful material. Highly recommend buying this top!,5,1,14,General Petite,Tops,Knits
62,1117,68,Great Buy,Cute design but required ironing out of the bag. Average quality overall.,3,1,9,General Petite,Intimate,Knits
63,993,36,Great Buy,I absolutely loved this dress! Fits perfectly and very comfortable to wear all day.,5,1,3,General Petite,Jackets,Pants
64,872,64,Great Buy,"Material is fine, but the sleeves are a bit longer than expected.",3,1,8,General Petite,Tops,Knits
65,1080,21,Disappointed,"Awful fit, looks like a sack on me. Fabric feels synthetic and uncomfortable.",1,0,9,General,Jackets,Dresses
66,1036,55,Disappointed,Item arrived with torn seams and looks completely different from the pictures.,1,0,14,General Petite,Bottoms,Dresses
67,1143,62,Disappointed,"Terrible material, feels cheap and fits horribly. Returning it immediately.",1,0,13,General,Tops,Knits
68,977,52,Great Buy,Super cute top! The embroidery details are amazing and material feels premium.,5,1,2,General,Intimate,Knits
69,1190,38,Disappointed,Shrank completely after the first wash! Terrible quality for the price.,1,0,1,General Petite,Tops,Blouses
70,1052,53,Great Buy,Great quality fabric and beautiful fit. Got so many compliments at work.,5,1,3,General,Bottoms,Knits
71,865,26,Great Buy,"The sweater is warm, soft, and stylish. Fits true to size and looks elegant.",5,1,2,Initmates,Jackets,Fine knit
72,935,49,Great Buy,One of my favorite purchases this season! Fits great and very versatile.,5,1,5,General,Dresses,Fine knit
73,811,43,Great Buy,I absolutely loved this dress! Fits perfectly and very comfortable to wear all day.,5,1,14,General Petite,Jackets,Blouses
74,1089,62,Great Buy,Super cute top! The embroidery details are amazing and material feels premium.,5,1,12,General Petite,Dresses,Blouses
75,1114,22,Great Buy,Cute design but required ironing out of the bag. Average quality overall.,3,1,0,Initmates,Intimate,Fine knit
76,882,66,Disappointed,Sizing is completely off. Ordered my usual size and couldn't even zip it.,1,0,5,General,Intimate,Fine knit
77,1102,59,Disappointed,"Awful fit, looks like a sack on me. Fabric feels synthetic and uncomfortable.",1,0,7,Initmates,Tops,Blouses
78,959,51,Great Buy,One of my favorite purchases this season! Fits great and very versatile.,5,1,7,General Petite,Intimate,Blouses
79,938,64,Great Buy,Gorgeous color and wonderful material. Highly recommend buying this top!,5,1,12,Initmates,Bottoms,Blouses
80,1188,47,Great Buy,"Decent quality for the price, but runs slightly small around the waist.",3,1,9,General Petite,Bottoms,Fine knit
81,1100,26,Disappointed,"Disappointing purchase. Cheap fabric, scratchy texture, and poor tailoring.",1,0,0,Initmates,Intimate,Dresses
82,874,65,Great Buy,One of my favorite purchases this season! Fits great and very versatile.,5,1,1,General Petite,Dresses,Blouses
83,904,56,Disappointed,Sizing is completely off. Ordered my usual size and couldn't even zip it.,1,0,4,Initmates,Jackets,Knits
84,991,31,Great Buy,"The sweater is warm, soft, and stylish. Fits true to size and looks elegant.",5,1,3,General Petite,Tops,Fine knit
85,1102,20,Disappointed,Sizing is completely off. Ordered my usual size and couldn't even zip it.,1,0,8,General,Tops,Pants
86,946,26,Great Buy,Cute design but required ironing out of the bag. Average quality overall.,3,1,3,Initmates,Intimate,Dresses
87,1175,48,Disappointed,Shrank completely after the first wash! Terrible quality for the price.,1,0,10,General,Dresses,Pants
88,1037,48,Great Buy,Soft material and nice design. Fits really well and fast shipping too.,5,1,11,General Petite,Bottoms,Fine knit
89,1153,46,Great Buy,One of my favorite purchases this season! Fits great and very versatile.,5,1,12,General,Dresses,Pants
90,841,61,Great Buy,Flattering cut and lovely fabric! Will definitely order in another color.,5,1,9,Initmates,Dresses,Fine knit
91,1191,32,Great Buy,Gorgeous color and wonderful material. Highly recommend buying this top!,5,1,6,General Petite,Dresses,Pants
92,989,63,Great Buy,Soft material and nice design. Fits really well and fast shipping too.,5,1,1,General Petite,Tops,Knits
93,1178,39,Great Buy,"Decent quality for the price, but runs slightly small around the waist.",3,1,10,General Petite,Bottoms,Blouses
94,960,62,Great Buy,"The sweater is warm, soft, and stylish. Fits true to size and looks elegant.",5,1,2,General,Dresses,Knits
95,989,31,Great Buy,Soft material and nice design. Fits really well and fast shipping too.,5,1,14,General,Tops,Pants
96,1117,52,Great Buy,"Decent quality for the price, but runs slightly small around the waist.",3,1,9,Initmates,Dresses,Dresses
97,1175,40,Great Buy,I absolutely loved this dress! Fits perfectly and very comfortable to wear all day.,5,1,7,General,Intimate,Dresses
98,895,33,Great Buy,I absolutely loved this dress! Fits perfectly and very comfortable to wear all day.,5,1,0,Initmates,Jackets,Knits
99,912,19,Great Buy,I absolutely loved this dress! Fits perfectly and very comfortable to wear all day.,5,1,13,General Petite,Dresses,Fine knit
100,1106,41,Great Buy,"The sweater is warm, soft, and stylish. Fits true to size and looks elegant.",5,1,5,Initmates,Tops,Knits
101,924,29,Great Buy,One of my favorite purchases this season! Fits great and very versatile.,5,1,5,General Petite,Tops,Blouses
102,1092,55,Great Buy,Cute design but required ironing out of the bag. Average quality overall.,3,1,8,General Petite,Intimate,Dresses
103,986,57,Disappointed,Sizing is completely off. Ordered my usual size and couldn't even zip it.,1,0,4,General Petite,Intimate,Knits
104,1156,64,Great Buy,"Okay top for everyday wear, but the color is slightly darker than pictured.",3,1,4,Initmates,Intimate,Pants
105,889,65,Great Buy,Great quality fabric and beautiful fit. Got so many compliments at work.,5,1,6,General,Bottoms,Blouses
106,1026,26,Great Buy,Fair product for the price point. Fits okay but nothing exceptional.,3,1,3,Initmates,Bottoms,Dresses
107,1078,35,Great Buy,"The sweater is warm, soft, and stylish. Fits true to size and looks elegant.",5,1,10,General,Dresses,Dresses
108,903,31,Disappointed,Way over-priced for such thin material. Doesn't look good at all.,1,0,6,General,Jackets,Fine knit
109,1196,22,Great Buy,Great quality fabric and beautiful fit. Got so many compliments at work.,5,1,4,General Petite,Intimate,Fine knit
110,916,47,Great Buy,Gorgeous color and wonderful material. Highly recommend buying this top!,5,1,9,Initmates,Tops,Knits
111,1019,65,Great Buy,Flattering cut and lovely fabric! Will definitely order in another color.,5,1,5,Initmates,Jackets,Knits
112,872,45,Disappointed,Way over-priced for such thin material. Doesn't look good at all.,1,0,2,Initmates,Intimate,Blouses
113,1154,56,Disappointed,"Disappointing purchase. Cheap fabric, scratchy texture, and poor tailoring.",1,0,9,General,Intimate,Blouses
114,812,39,Great Buy,Gorgeous color and wonderful material. Highly recommend buying this top!,5,1,13,General Petite,Dresses,Pants
115,864,45,Disappointed,Runs way too small and fabric is scratchy. Disappointed with the quality.,1,0,11,General,Intimate,Pants
116,1021,36,Great Buy,This dress exceeded my expectations! Beautiful drape and wonderful structure.,5,1,1,General,Dresses,Knits
117,935,19,Great Buy,This dress exceeded my expectations! Beautiful drape and wonderful structure.,5,1,8,General Petite,Dresses,Pants
118,1026,40,Great Buy,Soft material and nice design. Fits really well and fast shipping too.,5,1,4,General Petite,Dresses,Blouses
119,1088,28,Great Buy,Super cute top! The embroidery details are amazing and material feels premium.,5,1,14,General Petite,Bottoms,Knits
120,1148,45,Great Buy,Very comfortable jeans with good stretch. Perfectly tailored for everyday wear.,5,1,14,General Petite,Dresses,Blouses
121,803,29,Great Buy,Flattering cut and lovely fabric! Will definitely order in another color.,5,1,12,Initmates,Jackets,Pants
122,1076,53,Great Buy,I absolutely loved this dress! Fits perfectly and very comfortable to wear all day.,5,1,12,Initmates,Tops,Pants
123,896,38,Disappointed,Sizing is completely off. Ordered my usual size and couldn't even zip it.,1,0,10,General,Intimate,Blouses
124,1014,66,Great Buy,"Material is fine, but the sleeves are a bit longer than expected.",3,1,5,General,Dresses,Fine knit
125,1131,69,Great Buy,"Okay top for everyday wear, but the color is slightly darker than pictured.",3,1,12,General,Jackets,Pants
126,894,40,Disappointed,"Terrible material, feels cheap and fits horribly. Returning it immediately.",1,0,0,Initmates,Dresses,Fine knit
127,1129,50,Disappointed,Poor stitching and completely see-through. Definitely not worth the price.,1,0,3,General Petite,Jackets,Blouses
128,928,35,Great Buy,Super cute top! The embroidery details are amazing and material feels premium.,5,1,14,General,Bottoms,Fine knit
129,1164,38,Great Buy,Flattering cut and lovely fabric! Will definitely order in another color.,5,1,6,General Petite,Dresses,Knits
130,1148,28,Great Buy,"Okay top for everyday wear, but the color is slightly darker than pictured.",3,1,2,General,Intimate,Dresses
131,956,25,Disappointed,The color faded immediately and button fell off. Very bad construction.,1,0,9,General Petite,Intimate,Pants
132,1019,26,Great Buy,I absolutely loved this dress! Fits perfectly and very comfortable to wear all day.,5,1,5,General,Bottoms,Fine knit
133,837,35,Great Buy,Great quality fabric and beautiful fit. Got so many compliments at work.,5,1,12,General Petite,Jackets,Blouses
134,885,61,Disappointed,The color faded immediately and button fell off. Very bad construction.,1,0,12,Initmates,Bottoms,Knits
135,1117,67,Great Buy,Great quality fabric and beautiful fit. Got so many compliments at work.,5,1,9,General,Bottoms,Dresses
136,829,42,Disappointed,The color faded immediately and button fell off. Very bad construction.,1,0,8,General,Intimate,Fine knit
137,934,51,Great Buy,Great quality fabric and beautiful fit. Got so many compliments at work.,5,1,5,General,Bottoms,Fine knit
138,1087,38,Disappointed,Shrank completely after the first wash! Terrible quality for the price.,1,0,9,General,Dresses,Pants
139,1067,33,Great Buy,Flattering cut and lovely fabric! Will definitely order in another color.,5,1,9,General,Dresses,Blouses
140,1124,18,Great Buy,"The sweater is warm, soft, and stylish. Fits true to size and looks elegant.",5,1,6,General,Bottoms,Fine knit
141,1104,30,Disappointed,"Awful fit, looks like a sack on me. Fabric feels synthetic and uncomfortable.",1,0,13,Initmates,Dresses,Dresses
142,1073,49,Great Buy,One of my favorite purchases this season! Fits great and very versatile.,5,1,10,General,Bottoms,Knits
143,983,54,Disappointed,Poor stitching and completely see-through. Definitely not worth the price.,1,0,1,General Petite,Intimate,Fine knit
144,1170,54,Great Buy,Very comfortable jeans with good stretch. Perfectly tailored for everyday wear.,5,1,13,General,Tops,Fine knit
145,966,39,Great Buy,I absolutely loved this dress! Fits perfectly and very comfortable to wear all day.,5,1,0,General,Bottoms,Blouses
146,1095,58,Disappointed,"Terrible material, feels cheap and fits horribly. Returning it immediately.",1,0,13,Initmates,Tops,Knits
147,914,63,Great Buy,"Material is fine, but the sleeves are a bit longer than expected.",3,1,0,General,Jackets,Blouses
148,1084,31,Disappointed,Runs way too small and fabric is scratchy. Disappointed with the quality.,1,0,10,General,Jackets,Fine knit
149,813,30,Disappointed,"Awful fit, looks like a sack on me. Fabric feels synthetic and uncomfortable.",1,0,3,General Petite,Intimate,Dresses
150,948,39,Disappointed,Poor stitching and completely see-through. Definitely not worth the price.,1,0,10,General,Bottoms,Dresses
151,1061,50,Great Buy,"Material is fine, but the sleeves are a bit longer than expected.",3,1,11,Initmates,Intimate,Fine knit
152,1027,61,Disappointed,"Disappointing purchase. Cheap fabric, scratchy texture, and poor tailoring.",1,0,5,General Petite,Dresses,Knits
153,889,58,Great Buy,"Decent quality for the price, but runs slightly small around the waist.",3,1,0,Initmates,Dresses,Fine knit
154,1184,55,Great Buy,"The sweater is warm, soft, and stylish. Fits true to size and looks elegant.",5,1,14,General,Intimate,Dresses
155,961,53,Great Buy,Soft material and nice design. Fits really well and fast shipping too.,5,1,5,Initmates,Bottoms,Knits
156,1146,35,Disappointed,Poor stitching and completely see-through. Definitely not worth the price.,1,0,3,General Petite,Intimate,Dresses
157,1154,31,Great Buy,Flattering cut and lovely fabric! Will definitely order in another color.,5,1,10,General Petite,Bottoms,Pants
158,1105,66,Great Buy,Flattering cut and lovely fabric! Will definitely order in another color.,5,1,8,Initmates,Intimate,Pants
159,1059,67,Great Buy,"The sweater is warm, soft, and stylish. Fits true to size and looks elegant.",5,1,12,General,Intimate,Blouses
160,883,46,Great Buy,I absolutely loved this dress! Fits perfectly and very comfortable to wear all day.,5,1,7,General Petite,Tops,Pants
161,801,18,Great Buy,One of my favorite purchases this season! Fits great and very versatile.,5,1,6,General Petite,Jackets,Knits
162,1022,50,Great Buy,"Material is fine, but the sleeves are a bit longer than expected.",3,1,13,Initmates,Bottoms,Pants
163,1169,45,Disappointed,"Disappointing purchase. Cheap fabric, scratchy texture, and poor tailoring.",1,0,8,Initmates,Intimate,Fine knit
164,1052,48,Great Buy,Super cute top! The embroidery details are amazing and material feels premium.,5,1,8,General Petite,Tops,Fine knit
165,944,69,Great Buy,This dress exceeded my expectations! Beautiful drape and wonderful structure.,5,1,0,General Petite,Intimate,Fine knit
166,839,28,Great Buy,Cute design but required ironing out of the bag. Average quality overall.,3,1,0,Initmates,Jackets,Pants
167,900,48,Great Buy,I absolutely loved this dress! Fits perfectly and very comfortable to wear all day.,5,1,9,General,Jackets,Knits
168,894,23,Disappointed,Shrank completely after the first wash! Terrible quality for the price.,1,0,6,General Petite,Tops,Dresses
169,1147,35,Disappointed,"Awful fit, looks like a sack on me. Fabric feels synthetic and uncomfortable.",1,0,14,General,Jackets,Fine knit
170,1140,23,Disappointed,Sizing is completely off. Ordered my usual size and couldn't even zip it.,1,0,10,Initmates,Tops,Blouses
171,1049,32,Disappointed,Way over-priced for such thin material. Doesn't look good at all.,1,0,0,General Petite,Jackets,Fine knit
172,1177,37,Disappointed,Runs way too small and fabric is scratchy. Disappointed with the quality.,1,0,1,General Petite,Tops,Knits
173,1017,46,Great Buy,Very comfortable jeans with good stretch. Perfectly tailored for everyday wear.,5,1,6,General,Dresses,Pants
174,1106,69,Disappointed,Shrank completely after the first wash! Terrible quality for the price.,1,0,4,General,Jackets,Knits
175,821,19,Disappointed,Sizing is completely off. Ordered my usual size and couldn't even zip it.,1,0,9,General Petite,Intimate,Fine knit
176,1109,19,Disappointed,Poor stitching and completely see-through. Definitely not worth the price.,1,0,9,General,Bottoms,Pants
177,1112,54,Disappointed,The color faded immediately and button fell off. Very bad construction.,1,0,11,General,Bottoms,Fine knit
178,1019,61,Great Buy,I absolutely loved this dress! Fits perfectly and very comfortable to wear all day.,5,1,11,General,Bottoms,Fine knit
179,930,37,Disappointed,Runs way too small and fabric is scratchy. Disappointed with the quality.,1,0,0,Initmates,Jackets,Pants
180,1141,37,Disappointed,The color faded immediately and button fell off. Very bad construction.,1,0,0,General Petite,Tops,Pants
181,890,65,Great Buy,Gorgeous color and wonderful material. Highly recommend buying this top!,5,1,2,General,Intimate,Knits
182,1102,30,Disappointed,Way over-priced for such thin material. Doesn't look good at all.,1,0,3,Initmates,Bottoms,Dresses
183,838,45,Great Buy,Super cute top! The embroidery details are amazing and material feels premium.,5,1,5,General,Intimate,Pants
184,1136,28,Disappointed,"Terrible material, feels cheap and fits horribly. Returning it immediately.",1,0,2,Initmates,Dresses,Dresses
185,1144,30,Great Buy,I absolutely loved this dress! Fits perfectly and very comfortable to wear all day.,5,1,14,General Petite,Dresses,Knits
186,848,64,Disappointed,Way over-priced for such thin material. Doesn't look good at all.,1,0,2,Initmates,Dresses,Dresses
187,897,58,Disappointed,"Awful fit, looks like a sack on me. Fabric feels synthetic and uncomfortable.",1,0,1,General,Tops,Knits
188,1026,29,Great Buy,"Decent quality for the price, but runs slightly small around the waist.",3,1,14,General,Bottoms,Pants
189,1172,42,Great Buy,This dress exceeded my expectations! Beautiful drape and wonderful structure.,5,1,0,General Petite,Intimate,Fine knit
190,975,54,Great Buy,Soft material and nice design. Fits really well and fast shipping too.,5,1,3,General,Intimate,Knits
191,900,34,Disappointed,Way over-priced for such thin material. Doesn't look good at all.,1,0,9,Initmates,Tops,Fine knit
192,919,24,Disappointed,Shrank completely after the first wash! Terrible quality for the price.,1,0,11,Initmates,Dresses,Fine knit
193,835,37,Disappointed,Runs way too small and fabric is scratchy. Disappointed with the quality.,1,0,6,General,Tops,Knits
194,840,34,Great Buy,One of my favorite purchases this season! Fits great and very versatile.,5,1,13,General,Dresses,Knits
195,1069,69,Disappointed,"Awful fit, looks like a sack on me. Fabric feels synthetic and uncomfortable.",1,0,2,General Petite,Dresses,Knits
196,971,20,Disappointed,"Disappointing purchase. Cheap fabric, scratchy texture, and poor tailoring.",1,0,13,Initmates,Dresses,Knits
197,833,47,Great Buy,"Material is fine, but the sleeves are a bit longer than expected.",3,1,14,General,Jackets,Fine knit
198,939,22,Disappointed,Way over-priced for such thin material. Doesn't look good at all.,1,0,12,Initmates,Dresses,Blouses
199,1067,64,Disappointed,Shrank completely after the first wash! Terrible quality for the price.,1,0,9,Initmates,Intimate,Pants
200,881,33,Great Buy,This dress exceeded my expectations! Beautiful drape and wonderful structure.,5,1,12,General,Jackets,Knits
201,1126,24,Great Buy,Soft material and nice design. Fits really well and fast shipping too.,5,1,13,General,Intimate,Knits
202,811,26,Disappointed,Runs way too small and fabric is scratchy. Disappointed with the quality.,1,0,5,Initmates,Jackets,Dresses
203,979,45,Great Buy,Great quality fabric and beautiful fit. Got so many compliments at work.,5,1,9,General,Dresses,Fine knit
204,928,41,Disappointed,"Awful fit, looks like a sack on me. Fabric feels synthetic and uncomfortable.",1,0,10,General,Tops,Pants
205,869,51,Disappointed,Item arrived with torn seams and looks completely different from the pictures.,1,0,2,General Petite,Dresses,Blouses
206,1137,36,Great Buy,"Material is fine, but the sleeves are a bit longer than expected.",3,1,3,Initmates,Bottoms,Dresses
207,1028,27,Great Buy,I absolutely loved this dress! Fits perfectly and very comfortable to wear all day.,5,1,1,General,Jackets,Pants
208,885,18,Disappointed,Item arrived with torn seams and looks completely different from the pictures.,1,0,7,Initmates,Tops,Dresses
209,957,20,Disappointed,"Terrible material, feels cheap and fits horribly. Returning it immediately.",1,0,8,Initmates,Intimate,Blouses
210,922,57,Great Buy,"Okay top for everyday wear, but the color is slightly darker than pictured.",3,1,14,General,Tops,Dresses
211,858,44,Great Buy,Great quality fabric and beautiful fit. Got so many compliments at work.,5,1,1,General,Bottoms,Pants
212,807,30,Disappointed,Sizing is completely off. Ordered my usual size and couldn't even zip it.,1,0,14,Initmates,Dresses,Dresses
213,903,38,Disappointed,Item arrived with torn seams and looks completely different from the pictures.,1,0,14,Initmates,Bottoms,Pants
214,972,61,Great Buy,I absolutely loved this dress! Fits perfectly and very comfortable to wear all day.,5,1,13,General Petite,Intimate,Fine knit
215,858,43,Disappointed,Runs way too small and fabric is scratchy. Disappointed with the quality.,1,0,9,General,Bottoms,Knits
216,956,32,Disappointed,Sizing is completely off. Ordered my usual size and couldn't even zip it.,1,0,7,General,Dresses,Blouses
217,978,47,Disappointed,"Awful fit, looks like a sack on me. Fabric feels synthetic and uncomfortable.",1,0,13,Initmates,Dresses,Knits
218,1004,30,Disappointed,Item arrived with torn seams and looks completely different from the pictures.,1,0,0,General Petite,Dresses,Blouses
219,927,35,Great Buy,Super cute top! The embroidery details are amazing and material feels premium.,5,1,5,General,Jackets,Dresses
220,1136,56,Disappointed,Runs way too small and fabric is scratchy. Disappointed with the quality.,1,0,9,General,Tops,Blouses
221,872,28,Disappointed,"Terrible material, feels cheap and fits horribly. Returning it immediately.",1,0,11,General,Jackets,Pants
222,1107,20,Great Buy,I absolutely loved this dress! Fits perfectly and very comfortable to wear all day.,5,1,3,Initmates,Jackets,Knits
223,1106,36,Great Buy,Flattering cut and lovely fabric! Will definitely order in another color.,5,1,4,General,Dresses,Pants
224,1032,23,Great Buy,Gorgeous color and wonderful material. Highly recommend buying this top!,5,1,5,Initmates,Dresses,Pants
225,914,54,Great Buy,"The sweater is warm, soft, and stylish. Fits true to size and looks elegant.",5,1,5,General Petite,Bottoms,Blouses
226,1032,32,Disappointed,Poor stitching and completely see-through. Definitely not worth the price.,1,0,12,General Petite,Jackets,Dresses
227,898,49,Disappointed,"Disappointing purchase. Cheap fabric, scratchy texture, and poor tailoring.",1,0,0,General,Bottoms,Blouses
228,1058,50,Great Buy,Very comfortable jeans with good stretch. Perfectly tailored for everyday wear.,5,1,7,Initmates,Dresses,Dresses
229,1139,20,Disappointed,"Disappointing purchase. Cheap fabric, scratchy texture, and poor tailoring.",1,0,1,Initmates,Jackets,Dresses
230,1099,28,Disappointed,Sizing is completely off. Ordered my usual size and couldn't even zip it.,1,0,14,Initmates,Dresses,Blouses
231,971,67,Great Buy,This dress exceeded my expectations! Beautiful drape and wonderful structure.,5,1,0,Initmates,Intimate,Knits
232,1139,49,Great Buy,One of my favorite purchases this season! Fits great and very versatile.,5,1,5,General,Bottoms,Knits
233,1081,59,Disappointed,The color faded immediately and button fell off. Very bad construction.,1,0,4,General,Jackets,Dresses
234,1141,18,Great Buy,Soft material and nice design. Fits really well and fast shipping too.,5,1,5,General,Jackets,Dresses
235,802,27,Disappointed,"Disappointing purchase. Cheap fabric, scratchy texture, and poor tailoring.",1,0,7,Initmates,Dresses,Knits
236,945,51,Disappointed,Way over-priced for such thin material. Doesn't look good at all.,1,0,5,General Petite,Tops,Fine knit
237,957,31,Great Buy,Super cute top! The embroidery details are amazing and material feels premium.,5,1,8,Initmates,Dresses,Fine knit
238,900,23,Disappointed,"Terrible material, feels cheap and fits horribly. Returning it immediately.",1,0,11,Initmates,Dresses,Dresses
239,912,50,Great Buy,This dress exceeded my expectations! Beautiful drape and wonderful structure.,5,1,12,General Petite,Intimate,Fine knit
240,839,50,Disappointed,Runs way too small and fabric is scratchy. Disappointed with the quality.,1,0,7,General,Jackets,Dresses
241,900,38,Disappointed,Runs way too small and fabric is scratchy. Disappointed with the quality.,1,0,11,Initmates,Tops,Pants
242,1127,64,Great Buy,"The sweater is warm, soft, and stylish. Fits true to size and looks elegant.",5,1,6,Initmates,Jackets,Dresses
243,827,55,Great Buy,Gorgeous color and wonderful material. Highly recommend buying this top!,5,1,6,General Petite,Dresses,Knits
244,1039,67,Great Buy,Flattering cut and lovely fabric! Will definitely order in another color.,5,1,3,General Petite,Tops,Blouses
245,915,46,Great Buy,Super cute top! The embroidery details are amazing and material feels premium.,5,1,10,General,Bottoms,Fine knit
246,833,55,Disappointed,Runs way too small and fabric is scratchy. Disappointed with the quality.,1,0,3,General,Intimate,Knits
247,828,56,Great Buy,Great quality fabric and beautiful fit. Got so many compliments at work.,5,1,7,General,Intimate,Fine knit
248,900,67,Disappointed,The color faded immediately and button fell off. Very bad construction.,1,0,3,General,Intimate,Blouses
249,1090,26,Disappointed,Poor stitching and completely see-through. Definitely not worth the price.,1,0,13,General,Bottoms,Knits
250,969,45,Great Buy,"Okay top for everyday wear, but the color is slightly darker than pictured.",3,1,8,General Petite,Dresses,Knits
251,886,23,Disappointed,"Disappointing purchase. Cheap fabric, scratchy texture, and poor tailoring.",1,0,0,General Petite,Jackets,Pants
252,840,18,Disappointed,"Awful fit, looks like a sack on me. Fabric feels synthetic and uncomfortable.",1,0,9,General Petite,Bottoms,Pants
253,997,39,Disappointed,Way over-priced for such thin material. Doesn't look good at all.,1,0,5,General Petite,Bottoms,Fine knit
254,1122,38,Great Buy,Cute design but required ironing out of the bag. Average quality overall.,3,1,11,Initmates,Dresses,Pants
255,946,54,Great Buy,This dress exceeded my expectations! Beautiful drape and wonderful structure.,5,1,9,General,Dresses,Fine knit
256,867,69,Disappointed,Item arrived with torn seams and looks completely different from the pictures.,1,0,0,Initmates,Intimate,Pants
257,845,56,Great Buy,Very comfortable jeans with good stretch. Perfectly tailored for everyday wear.,5,1,8,General,Dresses,Dresses
258,1163,54,Disappointed,The color faded immediately and button fell off. Very bad construction.,1,0,7,Initmates,Bottoms,Dresses
259,903,53,Disappointed,Sizing is completely off. Ordered my usual size and couldn't even zip it.,1,0,7,General,Bottoms,Knits
260,923,58,Great Buy,Cute design but required ironing out of the bag. Average quality overall.,3,1,8,General Petite,Tops,Dresses
261,1085,65,Great Buy,Gorgeous color and wonderful material. Highly recommend buying this top!,5,1,10,Initmates,Tops,Knits
262,1159,34,Great Buy,This dress exceeded my expectations! Beautiful drape and wonderful structure.,5,1,14,Initmates,Tops,Dresses
263,932,69,Disappointed,"Terrible material, feels cheap and fits horribly. Returning it immediately.",1,0,11,Initmates,Dresses,Fine knit
264,813,51,Great Buy,"Okay top for everyday wear, but the color is slightly darker than pictured.",3,1,6,General,Tops,Knits
265,1032,50,Great Buy,Super cute top! The embroidery details are amazing and material feels premium.,5,1,6,General Petite,Intimate,Blouses
266,1013,55,Disappointed,"Disappointing purchase. Cheap fabric, scratchy texture, and poor tailoring.",1,0,6,Initmates,Intimate,Blouses
267,919,37,Great Buy,"Decent quality for the price, but runs slightly small around the waist.",3,1,6,Initmates,Dresses,Knits
268,973,27,Great Buy,Flattering cut and lovely fabric! Will definitely order in another color.,5,1,4,Initmates,Jackets,Knits
269,948,49,Great Buy,"The sweater is warm, soft, and stylish. Fits true to size and looks elegant.",5,1,1,General,Bottoms,Fine knit
270,1114,23,Disappointed,Item arrived with torn seams and looks completely different from the pictures.,1,0,6,General Petite,Bottoms,Knits
271,974,34,Disappointed,"Terrible material, feels cheap and fits horribly. Returning it immediately.",1,0,2,General,Dresses,Pants
272,919,68,Great Buy,"The sweater is warm, soft, and stylish. Fits true to size and looks elegant.",5,1,1,General,Intimate,Fine knit
273,1048,67,Great Buy,"The sweater is warm, soft, and stylish. Fits true to size and looks elegant.",5,1,1,Initmates,Dresses,Pants
274,1054,58,Disappointed,Way over-priced for such thin material. Doesn't look good at all.,1,0,12,General Petite,Jackets,Blouses
275,918,49,Disappointed,"Awful fit, looks like a sack on me. Fabric feels synthetic and uncomfortable.",1,0,6,General Petite,Tops,Knits
276,989,66,Disappointed,Sizing is completely off. Ordered my usual size and couldn't even zip it.,1,0,12,General Petite,Jackets,Knits
277,1183,54,Great Buy,Very comfortable jeans with good stretch. Perfectly tailored for everyday wear.,5,1,1,General Petite,Dresses,Dresses
278,835,56,Disappointed,Poor stitching and completely see-through. Definitely not worth the price.,1,0,10,General,Jackets,Blouses
279,943,61,Great Buy,Flattering cut and lovely fabric! Will definitely order in another color.,5,1,14,General,Tops,Fine knit
280,898,30,Great Buy,"The sweater is warm, soft, and stylish. Fits true to size and looks elegant.",5,1,10,General Petite,Jackets,Blouses
281,899,36,Great Buy,Flattering cut and lovely fabric! Will definitely order in another color.,5,1,0,General Petite,Bottoms,Pants
282,811,44,Great Buy,Super cute top! The embroidery details are amazing and material feels premium.,5,1,2,General Petite,Dresses,Dresses
283,1148,64,Great Buy,Gorgeous color and wonderful material. Highly recommend buying this top!,5,1,9,Initmates,Bottoms,Blouses
284,1074,68,Disappointed,"Awful fit, looks like a sack on me. Fabric feels synthetic and uncomfortable.",1,0,12,General Petite,Dresses,Knits
285,997,59,Great Buy,I absolutely loved this dress! Fits perfectly and very comfortable to wear all day.,5,1,5,Initmates,Tops,Knits
286,1052,25,Great Buy,I absolutely loved this dress! Fits perfectly and very comfortable to wear all day.,5,1,8,Initmates,Intimate,Blouses
287,1103,49,Great Buy,Soft material and nice design. Fits really well and fast shipping too.,5,1,4,Initmates,Jackets,Fine knit
288,812,53,Disappointed,"Terrible material, feels cheap and fits horribly. Returning it immediately.",1,0,12,General,Dresses,Fine knit
289,807,53,Disappointed,The color faded immediately and button fell off. Very bad construction.,1,0,2,General Petite,Intimate,Dresses
290,871,52,Disappointed,The color faded immediately and button fell off. Very bad construction.,1,0,12,Initmates,Jackets,Dresses
291,1014,23,Great Buy,Great quality fabric and beautiful fit. Got so many compliments at work.,5,1,7,Initmates,Bottoms,Blouses
292,853,43,Great Buy,Gorgeous color and wonderful material. Highly recommend buying this top!,5,1,2,General,Intimate,Pants
293,990,29,Great Buy,Gorgeous color and wonderful material. Highly recommend buying this top!,5,1,0,General,Bottoms,Blouses
294,986,45,Great Buy,One of my favorite purchases this season! Fits great and very versatile.,5,1,11,General Petite,Dresses,Pants
295,888,45,Great Buy,Gorgeous color and wonderful material. Highly recommend buying this top!,5,1,12,General,Jackets,Dresses
296,1148,45,Great Buy,Flattering cut and lovely fabric! Will definitely order in another color.,5,1,11,Initmates,Bottoms,Knits
297,821,29,Great Buy,One of my favorite purchases this season! Fits great and very versatile.,5,1,10,General,Bottoms,Dresses
298,1045,58,Great Buy,Great quality fabric and beautiful fit. Got so many compliments at work.,5,1,3,General Petite,Intimate,Blouses
299,929,18,Disappointed,Poor stitching and completely see-through. Definitely not worth the price.,1,0,10,General Petite,Jackets,Knits
300,862,50,Disappointed,"Awful fit, looks like a sack on me. Fabric feels synthetic and uncomfortable.",1,0,10,Initmates,Dresses,Blouses
301,1121,40,Disappointed,Item arrived with torn seams and looks completely different from the pictures.,1,0,14,General Petite,Tops,Dresses
302,888,24,Great Buy,"Material is fine, but the sleeves are a bit longer than expected.",3,1,9,General,Intimate,Pants
303,897,69,Great Buy,"Material is fine, but the sleeves are a bit longer than expected.",3,1,11,Initmates,Dresses,Knits
304,1186,49,Disappointed,Shrank completely after the first wash! Terrible quality for the price.,1,0,13,General,Dresses,Pants
305,947,27,Disappointed,"Terrible material, feels cheap and fits horribly. Returning it immediately.",1,0,7,Initmates,Intimate,Knits
306,1125,28,Disappointed,"Disappointing purchase. Cheap fabric, scratchy texture, and poor tailoring.",1,0,6,General Petite,Bottoms,Pants
307,897,64,Disappointed,Poor stitching and completely see-through. Definitely not worth the price.,1,0,8,Initmates,Dresses,Blouses
308,941,26,Great Buy,Super cute top! The embroidery details are amazing and material feels premium.,5,1,13,General,Tops,Blouses
309,846,67,Great Buy,Great quality fabric and beautiful fit. Got so many compliments at work.,5,1,2,General Petite,Intimate,Dresses
310,925,63,Great Buy,Flattering cut and lovely fabric! Will definitely order in another color.,5,1,8,General Petite,Jackets,Knits
311,833,21,Disappointed,Item arrived with torn seams and looks completely different from the pictures.,1,0,11,General Petite,Bottoms,Pants
312,953,68,Disappointed,Way over-priced for such thin material. Doesn't look good at all.,1,0,10,Initmates,Tops,Knits
313,1053,55,Great Buy,Very comfortable jeans with good stretch. Perfectly tailored for everyday wear.,5,1,9,Initmates,Dresses,Knits
314,1054,32,Great Buy,Gorgeous color and wonderful material. Highly recommend buying this top!,5,1,13,General Petite,Jackets,Dresses
315,816,38,Disappointed,The color faded immediately and button fell off. Very bad construction.,1,0,8,General Petite,Bottoms,Dresses
316,1072,69,Great Buy,This dress exceeded my expectations! Beautiful drape and wonderful structure.,5,1,14,Initmates,Intimate,Dresses
317,1179,21,Great Buy,"Okay top for everyday wear, but the color is slightly darker than pictured.",3,1,10,General Petite,Dresses,Dresses
318,1035,59,Disappointed,Sizing is completely off. Ordered my usual size and couldn't even zip it.,1,0,12,General,Bottoms,Fine knit
319,1141,54,Great Buy,"The sweater is warm, soft, and stylish. Fits true to size and looks elegant.",5,1,2,General,Jackets,Fine knit
320,991,38,Disappointed,"Disappointing purchase. Cheap fabric, scratchy texture, and poor tailoring.",1,0,8,General,Intimate,Pants
321,927,58,Great Buy,Gorgeous color and wonderful material. Highly recommend buying this top!,5,1,7,General Petite,Jackets,Knits
322,1130,38,Great Buy,Flattering cut and lovely fabric! Will definitely order in another color.,5,1,10,Initmates,Jackets,Fine knit
323,1019,34,Great Buy,Great quality fabric and beautiful fit. Got so many compliments at work.,5,1,1,General Petite,Tops,Pants
324,983,28,Great Buy,Flattering cut and lovely fabric! Will definitely order in another color.,5,1,2,Initmates,Tops,Knits
325,908,60,Disappointed,Item arrived with torn seams and looks completely different from the pictures.,1,0,10,General Petite,Intimate,Knits
326,933,41,Disappointed,"Disappointing purchase. Cheap fabric, scratchy texture, and poor tailoring.",1,0,3,Initmates,Jackets,Dresses
327,803,41,Disappointed,"Terrible material, feels cheap and fits horribly. Returning it immediately.",1,0,8,General Petite,Bottoms,Pants
328,981,27,Disappointed,Way over-priced for such thin material. Doesn't look good at all.,1,0,13,Initmates,Dresses,Knits
329,1086,56,Disappointed,Sizing is completely off. Ordered my usual size and couldn't even zip it.,1,0,4,General Petite,Dresses,Dresses
330,886,19,Disappointed,Poor stitching and completely see-through. Definitely not worth the price.,1,0,8,Initmates,Intimate,Dresses
331,1039,51,Disappointed,Sizing is completely off. Ordered my usual size and couldn't even zip it.,1,0,12,General Petite,Bottoms,Pants
332,895,32,Great Buy,Great quality fabric and beautiful fit. Got so many compliments at work.,5,1,11,General,Dresses,Blouses
333,836,63,Great Buy,"Okay top for everyday wear, but the color is slightly darker than pictured.",3,1,11,Initmates,Bottoms,Knits
334,979,36,Disappointed,"Disappointing purchase. Cheap fabric, scratchy texture, and poor tailoring.",1,0,3,General Petite,Bottoms,Fine knit
335,1171,56,Great Buy,I absolutely loved this dress! Fits perfectly and very comfortable to wear all day.,5,1,14,General,Intimate,Knits
336,888,18,Great Buy,This dress exceeded my expectations! Beautiful drape and wonderful structure.,5,1,5,Initmates,Jackets,Blouses
337,903,60,Disappointed,Sizing is completely off. Ordered my usual size and couldn't even zip it.,1,0,8,General Petite,Tops,Knits
338,862,41,Disappointed,"Terrible material, feels cheap and fits horribly. Returning it immediately.",1,0,1,General,Bottoms,Fine knit
339,1112,41,Disappointed,The color faded immediately and button fell off. Very bad construction.,1,0,11,Initmates,Intimate,Blouses
340,1166,59,Great Buy,Flattering cut and lovely fabric! Will definitely order in another color.,5,1,2,Initmates,Dresses,Blouses
341,936,36,Disappointed,Item arrived with torn seams and looks completely different from the pictures.,1,0,8,General,Dresses,Pants
342,1168,63,Great Buy,Soft material and nice design. Fits really well and fast shipping too.,5,1,6,General,Jackets,Dresses
343,899,47,Great Buy,Soft material and nice design. Fits really well and fast shipping too.,5,1,0,General Petite,Intimate,Knits
344,1035,30,Disappointed,The color faded immediately and button fell off. Very bad construction.,1,0,0,General Petite,Bottoms,Pants
345,1050,29,Disappointed,Item arrived with torn seams and looks completely different from the pictures.,1,0,1,General Petite,Bottoms,Blouses
346,812,61,Great Buy,Super cute top! The embroidery details are amazing and material feels premium.,5,1,9,Initmates,Dresses,Knits
347,814,62,Disappointed,Sizing is completely off. Ordered my usual size and couldn't even zip it.,1,0,4,General,Jackets,Dresses
348,1042,61,Great Buy,I absolutely loved this dress! Fits perfectly and very comfortable to wear all day.,5,1,7,General Petite,Bottoms,Dresses
349,1110,62,Disappointed,The color faded immediately and button fell off. Very bad construction.,1,0,9,Initmates,Dresses,Fine knit
350,1154,66,Great Buy,"The sweater is warm, soft, and stylish. Fits true to size and looks elegant.",5,1,6,Initmates,Jackets,Pants
351,1033,23,Disappointed,Poor stitching and completely see-through. Definitely not worth the price.,1,0,9,General,Intimate,Knits
352,930,20,Great Buy,I absolutely loved this dress! Fits perfectly and very comfortable to wear all day.,5,1,7,Initmates,Dresses,Fine knit
353,839,22,Great Buy,"Okay top for everyday wear, but the color is slightly darker than pictured.",3,1,12,Initmates,Tops,Dresses
354,1046,29,Great Buy,Gorgeous color and wonderful material. Highly recommend buying this top!,5,1,5,General,Bottoms,Pants
355,963,39,Great Buy,Super cute top! The embroidery details are amazing and material feels premium.,5,1,6,Initmates,Dresses,Knits
356,1014,56,Disappointed,Shrank completely after the first wash! Terrible quality for the price.,1,0,6,General Petite,Bottoms,Fine knit
357,1068,45,Great Buy,Cute design but required ironing out of the bag. Average quality overall.,3,1,1,General,Dresses,Blouses
358,1066,38,Disappointed,Way over-priced for such thin material. Doesn't look good at all.,1,0,12,General Petite,Jackets,Blouses
359,909,55,Disappointed,"Awful fit, looks like a sack on me. Fabric feels synthetic and uncomfortable.",1,0,3,Initmates,Tops,Fine knit
360,944,58,Disappointed,Runs way too small and fabric is scratchy. Disappointed with the quality.,1,0,6,General,Bottoms,Fine knit
361,800,26,Disappointed,The color faded immediately and button fell off. Very bad construction.,1,0,3,Initmates,Bottoms,Knits
362,1189,42,Disappointed,Item arrived with torn seams and looks completely different from the pictures.,1,0,9,General,Jackets,Dresses
363,1021,35,Disappointed,Way over-priced for such thin material. Doesn't look good at all.,1,0,14,General,Jackets,Dresses
364,843,26,Great Buy,This dress exceeded my expectations! Beautiful drape and wonderful structure.,5,1,1,Initmates,Tops,Pants
365,844,65,Great Buy,Super cute top! The embroidery details are amazing and material feels premium.,5,1,6,Initmates,Jackets,Pants
366,953,51,Disappointed,Poor stitching and completely see-through. Definitely not worth the price.,1,0,13,General Petite,Tops,Dresses
367,1192,21,Great Buy,This dress exceeded my expectations! Beautiful drape and wonderful structure.,5,1,3,General,Jackets,Dresses
368,1087,45,Disappointed,"Awful fit, looks like a sack on me. Fabric feels synthetic and uncomfortable.",1,0,14,Initmates,Intimate,Pants
369,927,23,Great Buy,Flattering cut and lovely fabric! Will definitely order in another color.,5,1,12,General Petite,Jackets,Dresses
370,1157,55,Great Buy,One of my favorite purchases this season! Fits great and very versatile.,5,1,9,General Petite,Intimate,Fine knit
371,851,28,Great Buy,This dress exceeded my expectations! Beautiful drape and wonderful structure.,5,1,9,General Petite,Jackets,Pants
372,1187,18,Disappointed,Item arrived with torn seams and looks completely different from the pictures.,1,0,9,General Petite,Jackets,Pants
373,1196,46,Disappointed,Shrank completely after the first wash! Terrible quality for the price.,1,0,5,Initmates,Bottoms,Knits
374,997,58,Great Buy,Soft material and nice design. Fits really well and fast shipping too.,5,1,5,General Petite,Intimate,Knits
375,951,49,Great Buy,Super cute top! The embroidery details are amazing and material feels premium.,5,1,7,Initmates,Tops,Dresses
376,1145,33,Great Buy,Super cute top! The embroidery details are amazing and material feels premium.,5,1,0,General,Dresses,Fine knit
377,1179,55,Great Buy,This dress exceeded my expectations! Beautiful drape and wonderful structure.,5,1,14,General,Dresses,Blouses
378,1119,19,Disappointed,Item arrived with torn seams and looks completely different from the pictures.,1,0,1,General,Bottoms,Dresses
379,897,25,Disappointed,The color faded immediately and button fell off. Very bad construction.,1,0,6,General,Intimate,Blouses
380,1091,32,Disappointed,Sizing is completely off. Ordered my usual size and couldn't even zip it.,1,0,1,General,Dresses,Pants
381,1026,53,Great Buy,Gorgeous color and wonderful material. Highly recommend buying this top!,5,1,8,Initmates,Dresses,Dresses
382,887,47,Disappointed,Runs way too small and fabric is scratchy. Disappointed with the quality.,1,0,0,Initmates,Jackets,Dresses
383,857,43,Great Buy,Soft material and nice design. Fits really well and fast shipping too.,5,1,8,General,Intimate,Pants
384,885,52,Disappointed,Shrank completely after the first wash! Terrible quality for the price.,1,0,13,Initmates,Intimate,Dresses
385,1115,45,Great Buy,Very comfortable jeans with good stretch. Perfectly tailored for everyday wear.,5,1,6,General Petite,Tops,Fine knit
386,936,25,Great Buy,One of my favorite purchases this season! Fits great and very versatile.,5,1,8,Initmates,Intimate,Knits
387,843,63,Great Buy,This dress exceeded my expectations! Beautiful drape and wonderful structure.,5,1,3,General Petite,Intimate,Knits
388,1073,30,Disappointed,Item arrived with torn seams and looks completely different from the pictures.,1,0,5,General Petite,Intimate,Fine knit
389,1177,43,Great Buy,"Material is fine, but the sleeves are a bit longer than expected.",3,1,5,Initmates,Tops,Blouses
390,1138,63,Disappointed,Poor stitching and completely see-through. Definitely not worth the price.,1,0,1,General Petite,Tops,Fine knit
391,1067,57,Disappointed,Runs way too small and fabric is scratchy. Disappointed with the quality.,1,0,2,General,Intimate,Pants
392,1008,38,Disappointed,Way over-priced for such thin material. Doesn't look good at all.,1,0,7,Initmates,Intimate,Dresses
393,952,61,Disappointed,Runs way too small and fabric is scratchy. Disappointed with the quality.,1,0,11,General Petite,Tops,Pants
394,1128,27,Disappointed,Sizing is completely off. Ordered my usual size and couldn't even zip it.,1,0,14,General,Jackets,Knits
395,811,44,Disappointed,"Disappointing purchase. Cheap fabric, scratchy texture, and poor tailoring.",1,0,14,General Petite,Intimate,Blouses
396,976,60,Great Buy,One of my favorite purchases this season! Fits great and very versatile.,5,1,7,Initmates,Bottoms,Dresses
397,866,42,Disappointed,Shrank completely after the first wash! Terrible quality for the price.,1,0,9,General,Dresses,Dresses
398,921,48,Disappointed,"Terrible material, feels cheap and fits horribly. Returning it immediately.",1,0,1,Initmates,Intimate,Fine knit
399,1053,66,Great Buy,I absolutely loved this dress! Fits perfectly and very comfortable to wear all day.,5,1,14,General,Intimate,Pants
400,1145,39,Great Buy,Very comfortable jeans with good stretch. Perfectly tailored for everyday wear.,5,1,4,General,Bottoms,Fine knit
401,1046,36,Great Buy,Soft material and nice design. Fits really well and fast shipping too.,5,1,1,Initmates,Bottoms,Pants
402,1120,67,Great Buy,Great quality fabric and beautiful fit. Got so many compliments at work.,5,1,3,Initmates,Intimate,Knits
403,1156,62,Great Buy,Very comfortable jeans with good stretch. Perfectly tailored for everyday wear.,5,1,12,Initmates,Tops,Knits
404,930,23,Great Buy,"The sweater is warm, soft, and stylish. Fits true to size and looks elegant.",5,1,11,General,Tops,Blouses
405,956,52,Great Buy,I absolutely loved this dress! Fits perfectly and very comfortable to wear all day.,5,1,12,General Petite,Intimate,Fine knit
406,1159,28,Great Buy,Flattering cut and lovely fabric! Will definitely order in another color.,5,1,6,General Petite,Tops,Dresses
407,926,54,Disappointed,"Disappointing purchase. Cheap fabric, scratchy texture, and poor tailoring.",1,0,0,General Petite,Bottoms,Fine knit
408,1083,40,Great Buy,"The sweater is warm, soft, and stylish. Fits true to size and looks elegant.",5,1,1,General Petite,Bottoms,Fine knit
409,814,30,Great Buy,Gorgeous color and wonderful material. Highly recommend buying this top!,5,1,1,Initmates,Tops,Fine knit
410,855,44,Disappointed,"Awful fit, looks like a sack on me. Fabric feels synthetic and uncomfortable.",1,0,12,General,Tops,Knits
411,1143,28,Great Buy,This dress exceeded my expectations! Beautiful drape and wonderful structure.,5,1,7,Initmates,Dresses,Knits
412,1015,20,Great Buy,"Decent quality for the price, but runs slightly small around the waist.",3,1,9,General,Bottoms,Dresses
413,855,38,Great Buy,"Decent quality for the price, but runs slightly small around the waist.",3,1,10,Initmates,Tops,Knits
414,972,28,Disappointed,"Disappointing purchase. Cheap fabric, scratchy texture, and poor tailoring.",1,0,12,General Petite,Intimate,Pants
415,1017,59,Disappointed,"Awful fit, looks like a sack on me. Fabric feels synthetic and uncomfortable.",1,0,8,Initmates,Dresses,Blouses
416,931,66,Great Buy,"The sweater is warm, soft, and stylish. Fits true to size and looks elegant.",5,1,8,Initmates,Bottoms,Dresses
417,1190,61,Great Buy,Super cute top! The embroidery details are amazing and material feels premium.,5,1,9,General,Jackets,Knits
418,1196,61,Great Buy,Fair product for the price point. Fits okay but nothing exceptional.,3,1,10,Initmates,Tops,Pants
419,877,24,Disappointed,"Disappointing purchase. Cheap fabric, scratchy texture, and poor tailoring.",1,0,8,General Petite,Jackets,Dresses
420,822,63,Disappointed,Way over-priced for such thin material. Doesn't look good at all.,1,0,7,General Petite,Intimate,Knits
421,1015,36,Great Buy,Soft material and nice design. Fits really well and fast shipping too.,5,1,1,Initmates,Dresses,Pants
422,1056,57,Disappointed,"Terrible material, feels cheap and fits horribly. Returning it immediately.",1,0,14,General Petite,Jackets,Knits
423,859,67,Great Buy,"The sweater is warm, soft, and stylish. Fits true to size and looks elegant.",5,1,8,General,Tops,Blouses
424,942,37,Great Buy,This dress exceeded my expectations! Beautiful drape and wonderful structure.,5,1,7,Initmates,Tops,Knits
425,1094,64,Great Buy,Fair product for the price point. Fits okay but nothing exceptional.,3,1,5,General,Tops,Pants
426,839,40,Disappointed,"Disappointing purchase. Cheap fabric, scratchy texture, and poor tailoring.",1,0,4,Initmates,Bottoms,Dresses
427,1006,47,Disappointed,Shrank completely after the first wash! Terrible quality for the price.,1,0,4,Initmates,Dresses,Fine knit
428,850,53,Disappointed,The color faded immediately and button fell off. Very bad construction.,1,0,8,General,Intimate,Blouses
429,932,48,Disappointed,"Terrible material, feels cheap and fits horribly. Returning it immediately.",1,0,12,Initmates,Jackets,Dresses
430,810,38,Disappointed,Poor stitching and completely see-through. Definitely not worth the price.,1,0,12,General Petite,Jackets,Dresses
431,1198,29,Disappointed,"Terrible material, feels cheap and fits horribly. Returning it immediately.",1,0,7,Initmates,Jackets,Blouses
432,1168,38,Great Buy,One of my favorite purchases this season! Fits great and very versatile.,5,1,0,General,Jackets,Dresses
433,806,59,Disappointed,Item arrived with torn seams and looks completely different from the pictures.,1,0,5,General,Bottoms,Pants
434,853,61,Disappointed,Poor stitching and completely see-through. Definitely not worth the price.,1,0,10,General,Dresses,Fine knit
435,830,18,Disappointed,Sizing is completely off. Ordered my usual size and couldn't even zip it.,1,0,11,General Petite,Intimate,Fine knit
436,972,49,Great Buy,This dress exceeded my expectations! Beautiful drape and wonderful structure.,5,1,12,General,Jackets,Pants
437,1199,45,Disappointed,The color faded immediately and button fell off. Very bad construction.,1,0,2,General Petite,Dresses,Knits
438,1093,38,Disappointed,"Awful fit, looks like a sack on me. Fabric feels synthetic and uncomfortable.",1,0,7,General Petite,Tops,Pants
439,1192,37,Great Buy,Super cute top! The embroidery details are amazing and material feels premium.,5,1,3,General Petite,Bottoms,Dresses
440,895,59,Disappointed,Poor stitching and completely see-through. Definitely not worth the price.,1,0,11,Initmates,Tops,Fine knit
441,967,41,Disappointed,"Terrible material, feels cheap and fits horribly. Returning it immediately.",1,0,1,General,Bottoms,Fine knit
442,858,41,Great Buy,Cute design but required ironing out of the bag. Average quality overall.,3,1,11,Initmates,Jackets,Fine knit
443,1041,45,Great Buy,Super cute top! The embroidery details are amazing and material feels premium.,5,1,7,Initmates,Dresses,Pants
444,1145,60,Great Buy,One of my favorite purchases this season! Fits great and very versatile.,5,1,8,Initmates,Jackets,Knits
445,1110,25,Great Buy,Flattering cut and lovely fabric! Will definitely order in another color.,5,1,13,General Petite,Tops,Knits
446,801,50,Great Buy,Very comfortable jeans with good stretch. Perfectly tailored for everyday wear.,5,1,9,General Petite,Dresses,Blouses
447,1023,56,Great Buy,Gorgeous color and wonderful material. Highly recommend buying this top!,5,1,8,General,Tops,Dresses
448,819,26,Great Buy,"The sweater is warm, soft, and stylish. Fits true to size and looks elegant.",5,1,2,General,Dresses,Dresses
449,1015,57,Disappointed,Poor stitching and completely see-through. Definitely not worth the price.,1,0,1,General Petite,Dresses,Knits
450,904,32,Great Buy,Flattering cut and lovely fabric! Will definitely order in another color.,5,1,13,General,Bottoms,Pants
451,970,63,Great Buy,"The sweater is warm, soft, and stylish. Fits true to size and looks elegant.",5,1,8,General,Intimate,Fine knit
452,921,41,Great Buy,One of my favorite purchases this season! Fits great and very versatile.,5,1,2,General,Bottoms,Blouses
453,918,47,Great Buy,One of my favorite purchases this season! Fits great and very versatile.,5,1,3,Initmates,Intimate,Fine knit
454,946,21,Great Buy,Very comfortable jeans with good stretch. Perfectly tailored for everyday wear.,5,1,0,General,Jackets,Fine knit
455,1145,34,Great Buy,Soft material and nice design. Fits really well and fast shipping too.,5,1,3,Initmates,Bottoms,Pants
456,1046,53,Disappointed,Sizing is completely off. Ordered my usual size and couldn't even zip it.,1,0,2,General Petite,Dresses,Dresses
457,986,38,Disappointed,"Awful fit, looks like a sack on me. Fabric feels synthetic and uncomfortable.",1,0,14,Initmates,Dresses,Dresses
458,913,60,Great Buy,Soft material and nice design. Fits really well and fast shipping too.,5,1,0,General,Tops,Knits
459,888,54,Disappointed,Poor stitching and completely see-through. Definitely not worth the price.,1,0,1,General,Dresses,Pants
460,1102,50,Disappointed,"Disappointing purchase. Cheap fabric, scratchy texture, and poor tailoring.",1,0,6,Initmates,Bottoms,Dresses
461,874,32,Great Buy,Very comfortable jeans with good stretch. Perfectly tailored for everyday wear.,5,1,14,Initmates,Dresses,Pants
462,1082,49,Great Buy,Great quality fabric and beautiful fit. Got so many compliments at work.,5,1,5,Initmates,Intimate,Pants
463,846,24,Disappointed,Runs way too small and fabric is scratchy. Disappointed with the quality.,1,0,0,General,Dresses,Fine knit
464,1139,29,Great Buy,One of my favorite purchases this season! Fits great and very versatile.,5,1,12,Initmates,Bottoms,Dresses
465,1068,62,Great Buy,Fair product for the price point. Fits okay but nothing exceptional.,3,1,10,General,Dresses,Pants
466,834,44,Great Buy,"The sweater is warm, soft, and stylish. Fits true to size and looks elegant.",5,1,10,General,Bottoms,Knits
467,828,58,Great Buy,Fair product for the price point. Fits okay but nothing exceptional.,3,1,8,General Petite,Jackets,Fine knit
468,1135,21,Great Buy,"Decent quality for the price, but runs slightly small around the waist.",3,1,12,General Petite,Tops,Pants
469,1065,38,Disappointed,"Awful fit, looks like a sack on me. Fabric feels synthetic and uncomfortable.",1,0,14,Initmates,Bottoms,Fine knit
470,1195,25,Great Buy,Very comfortable jeans with good stretch. Perfectly tailored for everyday wear.,5,1,3,General,Intimate,Fine knit
471,1173,19,Great Buy,Great quality fabric and beautiful fit. Got so many compliments at work.,5,1,11,General Petite,Tops,Dresses
472,945,58,Disappointed,"Disappointing purchase. Cheap fabric, scratchy texture, and poor tailoring.",1,0,8,Initmates,Bottoms,Fine knit
473,859,26,Disappointed,Sizing is completely off. Ordered my usual size and couldn't even zip it.,1,0,10,General,Tops,Dresses
474,1085,20,Disappointed,Item arrived with torn seams and looks completely different from the pictures.,1,0,14,General Petite,Tops,Blouses
475,1015,42,Disappointed,"Terrible material, feels cheap and fits horribly. Returning it immediately.",1,0,3,General,Intimate,Fine knit
476,912,58,Disappointed,The color faded immediately and button fell off. Very bad construction.,1,0,8,Initmates,Jackets,Fine knit
477,976,47,Disappointed,Runs way too small and fabric is scratchy. Disappointed with the quality.,1,0,0,General Petite,Tops,Dresses
478,1110,62,Disappointed,Runs way too small and fabric is scratchy. Disappointed with the quality.,1,0,2,Initmates,Tops,Pants
479,846,49,Disappointed,Sizing is completely off. Ordered my usual size and couldn't even zip it.,1,0,6,Initmates,Dresses,Fine knit
480,1140,61,Disappointed,"Disappointing purchase. Cheap fabric, scratchy texture, and poor tailoring.",1,0,12,Initmates,Intimate,Knits
481,1185,67,Great Buy,Soft material and nice design. Fits really well and fast shipping too.,5,1,10,Initmates,Tops,Fine knit
482,1065,22,Great Buy,"Material is fine, but the sleeves are a bit longer than expected.",3,1,12,Initmates,Bottoms,Pants
483,1168,62,Great Buy,Very comfortable jeans with good stretch. Perfectly tailored for everyday wear.,5,1,8,Initmates,Bottoms,Pants
484,1158,54,Disappointed,Poor stitching and completely see-through. Definitely not worth the price.,1,0,12,General Petite,Tops,Fine knit
485,1008,36,Disappointed,The color faded immediately and button fell off. Very bad construction.,1,0,14,Initmates,Jackets,Fine knit
486,953,69,Disappointed,"Disappointing purchase. Cheap fabric, scratchy texture, and poor tailoring.",1,0,11,General Petite,Bottoms,Knits
487,1136,60,Disappointed,The color faded immediately and button fell off. Very bad construction.,1,0,7,Initmates,Jackets,Fine knit
488,848,55,Great Buy,Gorgeous color and wonderful material. Highly recommend buying this top!,5,1,12,General,Jackets,Dresses
489,1014,56,Disappointed,Shrank completely after the first wash! Terrible quality for the price.,1,0,9,General,Jackets,Pants
490,834,46,Great Buy,Very comfortable jeans with good stretch. Perfectly tailored for everyday wear.,5,1,1,General,Tops,Dresses
491,1084,66,Disappointed,Item arrived with torn seams and looks completely different from the pictures.,1,0,8,General Petite,Tops,Fine knit
492,814,46,Disappointed,Shrank completely after the first wash! Terrible quality for the price.,1,0,3,General Petite,Intimate,Pants
493,1192,43,Great Buy,Super cute top! The embroidery details are amazing and material feels premium.,5,1,5,General Petite,Bottoms,Blouses
494,964,22,Disappointed,Sizing is completely off. Ordered my usual size and couldn't even zip it.,1,0,12,Initmates,Jackets,Fine knit
495,1139,66,Great Buy,Great quality fabric and beautiful fit. Got so many compliments at work.,5,1,10,General Petite,Bottoms,Blouses
496,1025,59,Disappointed,Runs way too small and fabric is scratchy. Disappointed with the quality.,1,0,14,General,Dresses,Fine knit
497,1025,32,Disappointed,"Awful fit, looks like a sack on me. Fabric feels synthetic and uncomfortable.",1,0,10,General,Tops,Fine knit
498,925,51,Disappointed,"Awful fit, looks like a sack on me. Fabric feels synthetic and uncomfortable.",1,0,4,General,Dresses,Dresses
499,883,58,Disappointed,Item arrived with torn seams and looks completely different from the pictures.,1,0,0,General Petite,Bottoms,Dresses
500,1168,40,Disappointed,Poor stitching and completely see-through. Definitely not worth the price.,1,0,14,General,Bottoms,Knits
501,1046,65,Great Buy,Cute design but required ironing out of the bag. Average quality overall.,3,1,12,Initmates,Intimate,Pants
502,1090,21,Disappointed,Way over-priced for such thin material. Doesn't look good at all.,1,0,13,General Petite,Tops,Fine knit
503,1046,19,Disappointed,Sizing is completely off. Ordered my usual size and couldn't even zip it.,1,0,5,General,Bottoms,Pants
504,1085,19,Disappointed,Way over-priced for such thin material. Doesn't look good at all.,1,0,0,Initmates,Bottoms,Knits
505,977,65,Great Buy,"Okay top for everyday wear, but the color is slightly darker than pictured.",3,1,1,General Petite,Dresses,Pants
506,833,58,Disappointed,"Terrible material, feels cheap and fits horribly. Returning it immediately.",1,0,1,General,Bottoms,Fine knit
507,836,35,Great Buy,Great quality fabric and beautiful fit. Got so many compliments at work.,5,1,11,General Petite,Intimate,Blouses
508,875,66,Great Buy,Gorgeous color and wonderful material. Highly recommend buying this top!,5,1,2,Initmates,Jackets,Pants
509,1133,49,Disappointed,"Disappointing purchase. Cheap fabric, scratchy texture, and poor tailoring.",1,0,0,General,Jackets,Pants
510,1192,38,Disappointed,Poor stitching and completely see-through. Definitely not worth the price.,1,0,10,General Petite,Tops,Knits
511,936,28,Disappointed,Poor stitching and completely see-through. Definitely not worth the price.,1,0,3,Initmates,Jackets,Fine knit
512,1118,37,Disappointed,"Disappointing purchase. Cheap fabric, scratchy texture, and poor tailoring.",1,0,2,General,Dresses,Pants
513,1011,45,Disappointed,Shrank completely after the first wash! Terrible quality for the price.,1,0,8,General,Intimate,Dresses
514,895,42,Great Buy,"The sweater is warm, soft, and stylish. Fits true to size and looks elegant.",5,1,9,General,Intimate,Fine knit
515,1088,69,Disappointed,"Disappointing purchase. Cheap fabric, scratchy texture, and poor tailoring.",1,0,8,Initmates,Dresses,Fine knit
516,950,40,Great Buy,This dress exceeded my expectations! Beautiful drape and wonderful structure.,5,1,0,General,Bottoms,Fine knit
517,864,32,Great Buy,"Okay top for everyday wear, but the color is slightly darker than pictured.",3,1,8,General Petite,Intimate,Blouses
518,803,19,Great Buy,Soft material and nice design. Fits really well and fast shipping too.,5,1,0,Initmates,Tops,Knits
519,1170,32,Disappointed,The color faded immediately and button fell off. Very bad construction.,1,0,5,Initmates,Tops,Dresses
520,852,63,Great Buy,Very comfortable jeans with good stretch. Perfectly tailored for everyday wear.,5,1,4,Initmates,Dresses,Blouses
521,860,20,Great Buy,"Decent quality for the price, but runs slightly small around the waist.",3,1,7,Initmates,Bottoms,Knits
522,1173,49,Great Buy,Soft material and nice design. Fits really well and fast shipping too.,5,1,11,General,Dresses,Fine knit
523,1170,24,Disappointed,"Terrible material, feels cheap and fits horribly. Returning it immediately.",1,0,9,General,Bottoms,Dresses
524,1062,30,Disappointed,Shrank completely after the first wash! Terrible quality for the price.,1,0,0,Initmates,Intimate,Fine knit
525,1185,37,Great Buy,Soft material and nice design. Fits really well and fast shipping too.,5,1,10,Initmates,Bottoms,Pants
526,1055,65,Disappointed,Way over-priced for such thin material. Doesn't look good at all.,1,0,2,General Petite,Dresses,Blouses
527,1185,32,Disappointed,Runs way too small and fabric is scratchy. Disappointed with the quality.,1,0,9,General,Bottoms,Knits
528,971,58,Great Buy,"The sweater is warm, soft, and stylish. Fits true to size and looks elegant.",5,1,13,General Petite,Intimate,Dresses
529,842,38,Disappointed,The color faded immediately and button fell off. Very bad construction.,1,0,1,General Petite,Dresses,Pants
530,1168,58,Great Buy,Great quality fabric and beautiful fit. Got so many compliments at work.,5,1,10,General,Jackets,Blouses
531,944,69,Disappointed,Way over-priced for such thin material. Doesn't look good at all.,1,0,13,General,Jackets,Fine knit
532,907,51,Great Buy,"Material is fine, but the sleeves are a bit longer than expected.",3,1,3,General,Tops,Blouses
533,1058,25,Disappointed,Poor stitching and completely see-through. Definitely not worth the price.,1,0,12,Initmates,Dresses,Fine knit
534,1100,64,Great Buy,Great quality fabric and beautiful fit. Got so many compliments at work.,5,1,6,General,Dresses,Knits
535,1034,25,Disappointed,Shrank completely after the first wash! Terrible quality for the price.,1,0,7,General,Bottoms,Blouses
536,1117,67,Disappointed,Way over-priced for such thin material. Doesn't look good at all.,1,0,2,General Petite,Intimate,Dresses
537,1030,34,Great Buy,Soft material and nice design. Fits really well and fast shipping too.,5,1,11,General,Tops,Knits
538,858,49,Great Buy,"Decent quality for the price, but runs slightly small around the waist.",3,1,3,Initmates,Bottoms,Pants
539,1195,35,Great Buy,One of my favorite purchases this season! Fits great and very versatile.,5,1,0,General,Jackets,Knits
540,1140,51,Great Buy,Great quality fabric and beautiful fit. Got so many compliments at work.,5,1,11,Initmates,Jackets,Fine knit
541,1084,42,Great Buy,"The sweater is warm, soft, and stylish. Fits true to size and looks elegant.",5,1,5,Initmates,Jackets,Fine knit
542,1150,29,Great Buy,Gorgeous color and wonderful material. Highly recommend buying this top!,5,1,0,General,Dresses,Fine knit
543,818,52,Great Buy,Flattering cut and lovely fabric! Will definitely order in another color.,5,1,2,Initmates,Dresses,Blouses
544,915,57,Great Buy,I absolutely loved this dress! Fits perfectly and very comfortable to wear all day.,5,1,3,General,Intimate,Blouses
545,910,25,Disappointed,"Awful fit, looks like a sack on me. Fabric feels synthetic and uncomfortable.",1,0,12,Initmates,Dresses,Fine knit
546,1014,28,Great Buy,Flattering cut and lovely fabric! Will definitely order in another color.,5,1,0,Initmates,Dresses,Pants
547,810,31,Disappointed,"Awful fit, looks like a sack on me. Fabric feels synthetic and uncomfortable.",1,0,5,General,Jackets,Knits
548,1175,37,Great Buy,"Decent quality for the price, but runs slightly small around the waist.",3,1,11,General Petite,Jackets,Pants
549,894,49,Disappointed,"Awful fit, looks like a sack on me. Fabric feels synthetic and uncomfortable.",1,0,4,General,Intimate,Blouses
550,1016,51,Great Buy,"The sweater is warm, soft, and stylish. Fits true to size and looks elegant.",5,1,4,General Petite,Bottoms,Blouses
551,953,19,Disappointed,Runs way too small and fabric is scratchy. Disappointed with the quality.,1,0,8,Initmates,Dresses,Blouses
552,1129,49,Great Buy,Very comfortable jeans with good stretch. Perfectly tailored for everyday wear.,5,1,8,General,Jackets,Pants
553,989,59,Great Buy,I absolutely loved this dress! Fits perfectly and very comfortable to wear all day.,5,1,11,Initmates,Tops,Fine knit
554,1063,64,Great Buy,Gorgeous color and wonderful material. Highly recommend buying this top!,5,1,12,General Petite,Dresses,Blouses
555,800,29,Great Buy,I absolutely loved this dress! Fits perfectly and very comfortable to wear all day.,5,1,6,General,Intimate,Dresses
556,985,67,Great Buy,Fair product for the price point. Fits okay but nothing exceptional.,3,1,2,General,Jackets,Blouses
557,801,25,Great Buy,This dress exceeded my expectations! Beautiful drape and wonderful structure.,5,1,11,Initmates,Intimate,Blouses
558,1036,56,Disappointed,Sizing is completely off. Ordered my usual size and couldn't even zip it.,1,0,13,General Petite,Bottoms,Fine knit
559,1036,20,Great Buy,"Decent quality for the price, but runs slightly small around the waist.",3,1,7,Initmates,Dresses,Blouses
560,868,42,Disappointed,Way over-priced for such thin material. Doesn't look good at all.,1,0,8,Initmates,Bottoms,Dresses
561,1123,24,Disappointed,Item arrived with torn seams and looks completely different from the pictures.,1,0,12,General Petite,Bottoms,Knits
562,921,49,Disappointed,"Disappointing purchase. Cheap fabric, scratchy texture, and poor tailoring.",1,0,4,Initmates,Intimate,Fine knit
563,1023,31,Disappointed,Item arrived with torn seams and looks completely different from the pictures.,1,0,8,General Petite,Intimate,Blouses
564,918,35,Disappointed,Way over-priced for such thin material. Doesn't look good at all.,1,0,0,Initmates,Dresses,Blouses
565,922,54,Disappointed,"Terrible material, feels cheap and fits horribly. Returning it immediately.",1,0,12,General Petite,Dresses,Dresses
566,1018,29,Disappointed,Way over-priced for such thin material. Doesn't look good at all.,1,0,3,General,Dresses,Fine knit
567,1197,53,Great Buy,This dress exceeded my expectations! Beautiful drape and wonderful structure.,5,1,4,Initmates,Dresses,Fine knit
568,997,65,Disappointed,Way over-priced for such thin material. Doesn't look good at all.,1,0,0,General Petite,Bottoms,Blouses
569,929,31,Disappointed,Runs way too small and fabric is scratchy. Disappointed with the quality.,1,0,8,Initmates,Bottoms,Fine knit
570,1116,42,Disappointed,The color faded immediately and button fell off. Very bad construction.,1,0,14,Initmates,Dresses,Pants
571,950,61,Disappointed,Sizing is completely off. Ordered my usual size and couldn't even zip it.,1,0,7,General,Tops,Knits
572,1023,38,Great Buy,This dress exceeded my expectations! Beautiful drape and wonderful structure.,5,1,4,General,Jackets,Dresses
573,933,19,Great Buy,This dress exceeded my expectations! Beautiful drape and wonderful structure.,5,1,1,General Petite,Bottoms,Knits
574,836,32,Great Buy,This dress exceeded my expectations! Beautiful drape and wonderful structure.,5,1,13,Initmates,Intimate,Pants
575,840,51,Great Buy,Flattering cut and lovely fabric! Will definitely order in another color.,5,1,8,General Petite,Tops,Fine knit
576,989,23,Great Buy,Very comfortable jeans with good stretch. Perfectly tailored for everyday wear.,5,1,0,Initmates,Intimate,Blouses
577,828,52,Disappointed,Shrank completely after the first wash! Terrible quality for the price.,1,0,8,General,Jackets,Knits
578,1194,31,Great Buy,"Material is fine, but the sleeves are a bit longer than expected.",3,1,8,General,Tops,Dresses
579,995,37,Great Buy,This dress exceeded my expectations! Beautiful drape and wonderful structure.,5,1,14,General Petite,Dresses,Dresses
580,1041,54,Great Buy,Flattering cut and lovely fabric! Will definitely order in another color.,5,1,12,General,Intimate,Pants
581,912,68,Disappointed,Runs way too small and fabric is scratchy. Disappointed with the quality.,1,0,0,Initmates,Jackets,Dresses
582,900,50,Great Buy,Gorgeous color and wonderful material. Highly recommend buying this top!,5,1,10,Initmates,Dresses,Pants
583,1191,37,Great Buy,"The sweater is warm, soft, and stylish. Fits true to size and looks elegant.",5,1,3,Initmates,Jackets,Fine knit
584,1071,40,Great Buy,Fair product for the price point. Fits okay but nothing exceptional.,3,1,7,General Petite,Intimate,Knits
585,967,21,Disappointed,Poor stitching and completely see-through. Definitely not worth the price.,1,0,9,Initmates,Jackets,Fine knit
586,1184,50,Disappointed,Way over-priced for such thin material. Doesn't look good at all.,1,0,14,General Petite,Intimate,Dresses
587,969,55,Great Buy,Flattering cut and lovely fabric! Will definitely order in another color.,5,1,13,General,Dresses,Pants
588,1178,52,Great Buy,"Decent quality for the price, but runs slightly small around the waist.",3,1,11,General,Tops,Knits
589,1129,42,Disappointed,"Awful fit, looks like a sack on me. Fabric feels synthetic and uncomfortable.",1,0,6,General,Bottoms,Pants
590,1108,56,Great Buy,Soft material and nice design. Fits really well and fast shipping too.,5,1,1,General Petite,Tops,Dresses
591,1063,31,Great Buy,"The sweater is warm, soft, and stylish. Fits true to size and looks elegant.",5,1,0,General,Tops,Fine knit
592,958,47,Disappointed,The color faded immediately and button fell off. Very bad construction.,1,0,2,General,Bottoms,Pants
593,859,53,Great Buy,Super cute top! The embroidery details are amazing and material feels premium.,5,1,10,Initmates,Tops,Knits
594,1092,32,Disappointed,"Disappointing purchase. Cheap fabric, scratchy texture, and poor tailoring.",1,0,6,Initmates,Dresses,Pants
595,891,43,Great Buy,Soft material and nice design. Fits really well and fast shipping too.,5,1,3,General,Dresses,Pants
596,854,46,Disappointed,"Terrible material, feels cheap and fits horribly. Returning it immediately.",1,0,9,General Petite,Bottoms,Knits
597,940,43,Disappointed,Shrank completely after the first wash! Terrible quality for the price.,1,0,6,General Petite,Tops,Blouses
598,848,63,Great Buy,Gorgeous color and wonderful material. Highly recommend buying this top!,5,1,12,General Petite,Tops,Fine knit
599,812,43,Disappointed,"Terrible material, feels cheap and fits horribly. Returning it immediately.",1,0,5,General Petite,Bottoms,Pants
600,1023,29,Great Buy,Cute design but required ironing out of the bag. Average quality overall.,3,1,9,General Petite,Dresses,Dresses
601,1117,50,Great Buy,Flattering cut and lovely fabric! Will definitely order in another color.,5,1,3,General Petite,Jackets,Pants
602,873,59,Great Buy,One of my favorite purchases this season! Fits great and very versatile.,5,1,10,General Petite,Bottoms,Fine knit
603,1088,58,Great Buy,Very comfortable jeans with good stretch. Perfectly tailored for everyday wear.,5,1,0,Initmates,Dresses,Knits
604,900,52,Great Buy,I absolutely loved this dress! Fits perfectly and very comfortable to wear all day.,5,1,12,General,Tops,Dresses
605,1149,34,Disappointed,Way over-priced for such thin material. Doesn't look good at all.,1,0,3,Initmates,Jackets,Blouses
606,837,44,Disappointed,Shrank completely after the first wash! Terrible quality for the price.,1,0,4,General Petite,Jackets,Blouses
607,993,62,Disappointed,Poor stitching and completely see-through. Definitely not worth the price.,1,0,6,General Petite,Dresses,Blouses
608,957,62,Great Buy,Gorgeous color and wonderful material. Highly recommend buying this top!,5,1,5,General,Tops,Fine knit
609,814,42,Great Buy,This dress exceeded my expectations! Beautiful drape and wonderful structure.,5,1,9,Initmates,Tops,Dresses
610,991,22,Great Buy,I absolutely loved this dress! Fits perfectly and very comfortable to wear all day.,5,1,4,Initmates,Jackets,Blouses
611,1070,46,Great Buy,"The sweater is warm, soft, and stylish. Fits true to size and looks elegant.",5,1,10,General,Dresses,Knits
612,966,58,Great Buy,Soft material and nice design. Fits really well and fast shipping too.,5,1,13,Initmates,Intimate,Blouses
613,1169,25,Great Buy,Soft material and nice design. Fits really well and fast shipping too.,5,1,12,Initmates,Bottoms,Blouses
614,1040,69,Great Buy,Super cute top! The embroidery details are amazing and material feels premium.,5,1,11,Initmates,Tops,Pants
615,1176,26,Great Buy,"Decent quality for the price, but runs slightly small around the waist.",3,1,7,General Petite,Tops,Dresses
616,953,69,Disappointed,The color faded immediately and button fell off. Very bad construction.,1,0,4,General Petite,Tops,Knits
617,800,49,Disappointed,Poor stitching and completely see-through. Definitely not worth the price.,1,0,5,General,Dresses,Knits
618,927,23,Disappointed,"Terrible material, feels cheap and fits horribly. Returning it immediately.",1,0,13,General Petite,Dresses,Fine knit
619,1184,33,Great Buy,I absolutely loved this dress! Fits perfectly and very comfortable to wear all day.,5,1,1,General Petite,Bottoms,Fine knit
620,827,25,Great Buy,One of my favorite purchases this season! Fits great and very versatile.,5,1,10,General Petite,Bottoms,Blouses
621,875,65,Disappointed,"Terrible material, feels cheap and fits horribly. Returning it immediately.",1,0,6,Initmates,Bottoms,Pants
622,806,21,Disappointed,Way over-priced for such thin material. Doesn't look good at all.,1,0,9,General Petite,Jackets,Pants
623,1066,57,Disappointed,Sizing is completely off. Ordered my usual size and couldn't even zip it.,1,0,4,Initmates,Jackets,Dresses
624,1156,23,Great Buy,Soft material and nice design. Fits really well and fast shipping too.,5,1,6,Initmates,Dresses,Blouses
625,1063,50,Great Buy,Very comfortable jeans with good stretch. Perfectly tailored for everyday wear.,5,1,6,Initmates,Dresses,Pants
626,1009,34,Disappointed,Sizing is completely off. Ordered my usual size and couldn't even zip it.,1,0,1,General Petite,Tops,Dresses
627,837,21,Great Buy,"Decent quality for the price, but runs slightly small around the waist.",3,1,0,General Petite,Intimate,Fine knit
628,1198,21,Disappointed,Poor stitching and completely see-through. Definitely not worth the price.,1,0,3,Initmates,Tops,Blouses
629,983,35,Disappointed,Poor stitching and completely see-through. Definitely not worth the price.,1,0,4,Initmates,Bottoms,Dresses
630,1038,37,Disappointed,Item arrived with torn seams and looks completely different from the pictures.,1,0,5,General Petite,Jackets,Pants
631,835,64,Great Buy,Gorgeous color and wonderful material. Highly recommend buying this top!,5,1,14,Initmates,Bottoms,Dresses
632,850,50,Disappointed,Way over-priced for such thin material. Doesn't look good at all.,1,0,11,General Petite,Bottoms,Fine knit
633,1002,57,Great Buy,"The sweater is warm, soft, and stylish. Fits true to size and looks elegant.",5,1,7,Initmates,Tops,Pants
634,1012,63,Great Buy,Very comfortable jeans with good stretch. Perfectly tailored for everyday wear.,5,1,7,General,Intimate,Dresses
635,988,64,Disappointed,"Disappointing purchase. Cheap fabric, scratchy texture, and poor tailoring.",1,0,13,Initmates,Dresses,Fine knit
636,911,38,Great Buy,Great quality fabric and beautiful fit. Got so many compliments at work.,5,1,6,Initmates,Dresses,Knits
637,952,50,Great Buy,Super cute top! The embroidery details are amazing and material feels premium.,5,1,2,General Petite,Tops,Dresses
638,1129,40,Great Buy,Cute design but required ironing out of the bag. Average quality overall.,3,1,0,General,Dresses,Blouses
639,916,33,Disappointed,Sizing is completely off. Ordered my usual size and couldn't even zip it.,1,0,10,General,Jackets,Dresses
640,903,24,Great Buy,Soft material and nice design. Fits really well and fast shipping too.,5,1,13,Initmates,Bottoms,Knits
641,1121,18,Great Buy,I absolutely loved this dress! Fits perfectly and very comfortable to wear all day.,5,1,11,General,Jackets,Pants
642,1179,56,Great Buy,I absolutely loved this dress! Fits perfectly and very comfortable to wear all day.,5,1,2,Initmates,Tops,Knits
643,842,63,Great Buy,Very comfortable jeans with good stretch. Perfectly tailored for everyday wear.,5,1,8,General,Intimate,Dresses
644,936,47,Great Buy,Fair product for the price point. Fits okay but nothing exceptional.,3,1,5,Initmates,Bottoms,Blouses
645,843,30,Great Buy,Gorgeous color and wonderful material. Highly recommend buying this top!,5,1,7,General Petite,Intimate,Blouses
646,944,68,Great Buy,Cute design but required ironing out of the bag. Average quality overall.,3,1,14,General Petite,Tops,Dresses
647,1167,64,Great Buy,Gorgeous color and wonderful material. Highly recommend buying this top!,5,1,12,General,Jackets,Knits
648,940,43,Great Buy,Flattering cut and lovely fabric! Will definitely order in another color.,5,1,0,Initmates,Intimate,Blouses
649,868,49,Disappointed,Shrank completely after the first wash! Terrible quality for the price.,1,0,10,Initmates,Intimate,Knits
650,1039,53,Great Buy,Gorgeous color and wonderful material. Highly recommend buying this top!,5,1,5,Initmates,Intimate,Pants
651,1038,39,Great Buy,"Decent quality for the price, but runs slightly small around the waist.",3,1,10,General,Intimate,Knits
652,898,39,Great Buy,Very comfortable jeans with good stretch. Perfectly tailored for everyday wear.,5,1,2,Initmates,Intimate,Fine knit
653,846,25,Great Buy,Flattering cut and lovely fabric! Will definitely order in another color.,5,1,8,Initmates,Intimate,Fine knit
654,1149,33,Great Buy,Gorgeous color and wonderful material. Highly recommend buying this top!,5,1,13,General Petite,Dresses,Dresses
655,944,49,Disappointed,Item arrived with torn seams and looks completely different from the pictures.,1,0,10,General Petite,Intimate,Pants
656,813,39,Disappointed,The color faded immediately and button fell off. Very bad construction.,1,0,1,Initmates,Dresses,Knits
657,894,54,Great Buy,This dress exceeded my expectations! Beautiful drape and wonderful structure.,5,1,0,Initmates,Bottoms,Knits
658,1108,31,Disappointed,Item arrived with torn seams and looks completely different from the pictures.,1,0,13,Initmates,Jackets,Fine knit
659,1126,46,Great Buy,Super cute top! The embroidery details are amazing and material feels premium.,5,1,7,Initmates,Intimate,Fine knit
660,847,37,Great Buy,Very comfortable jeans with good stretch. Perfectly tailored for everyday wear.,5,1,8,General Petite,Jackets,Dresses
661,910,59,Disappointed,Item arrived with torn seams and looks completely different from the pictures.,1,0,14,General,Jackets,Knits
662,809,34,Great Buy,Great quality fabric and beautiful fit. Got so many compliments at work.,5,1,4,General,Jackets,Pants
663,1116,61,Great Buy,Super cute top! The embroidery details are amazing and material feels premium.,5,1,3,General,Jackets,Dresses
664,1077,50,Disappointed,"Disappointing purchase. Cheap fabric, scratchy texture, and poor tailoring.",1,0,5,General Petite,Bottoms,Fine knit
665,1164,64,Disappointed,Way over-priced for such thin material. Doesn't look good at all.,1,0,13,Initmates,Intimate,Pants
666,850,68,Disappointed,Poor stitching and completely see-through. Definitely not worth the price.,1,0,9,General Petite,Bottoms,Knits
667,959,32,Great Buy,One of my favorite purchases this season! Fits great and very versatile.,5,1,13,General,Bottoms,Knits
668,972,43,Great Buy,I absolutely loved this dress! Fits perfectly and very comfortable to wear all day.,5,1,12,General,Bottoms,Knits
669,1017,35,Great Buy,I absolutely loved this dress! Fits perfectly and very comfortable to wear all day.,5,1,8,General Petite,Dresses,Pants
670,824,47,Disappointed,Runs way too small and fabric is scratchy. Disappointed with the quality.,1,0,11,General,Tops,Pants
671,1152,20,Disappointed,Runs way too small and fabric is scratchy. Disappointed with the quality.,1,0,12,Initmates,Intimate,Fine knit
672,1048,32,Disappointed,"Terrible material, feels cheap and fits horribly. Returning it immediately.",1,0,11,General,Tops,Knits
673,996,44,Disappointed,Way over-priced for such thin material. Doesn't look good at all.,1,0,9,General,Dresses,Fine knit
674,1153,35,Disappointed,Sizing is completely off. Ordered my usual size and couldn't even zip it.,1,0,12,General Petite,Intimate,Knits
675,1112,52,Disappointed,Poor stitching and completely see-through. Definitely not worth the price.,1,0,14,General Petite,Bottoms,Blouses
676,1160,67,Disappointed,Runs way too small and fabric is scratchy. Disappointed with the quality.,1,0,10,Initmates,Intimate,Fine knit
677,925,31,Great Buy,Gorgeous color and wonderful material. Highly recommend buying this top!,5,1,13,Initmates,Jackets,Dresses
678,925,24,Great Buy,Very comfortable jeans with good stretch. Perfectly tailored for everyday wear.,5,1,4,General,Tops,Knits
679,1130,68,Great Buy,I absolutely loved this dress! Fits perfectly and very comfortable to wear all day.,5,1,6,General,Dresses,Blouses
680,975,48,Great Buy,"Material is fine, but the sleeves are a bit longer than expected.",3,1,5,General Petite,Tops,Knits
681,917,21,Disappointed,Shrank completely after the first wash! Terrible quality for the price.,1,0,1,General Petite,Dresses,Pants
682,943,68,Great Buy,Great quality fabric and beautiful fit. Got so many compliments at work.,5,1,6,General Petite,Bottoms,Dresses
683,939,61,Great Buy,Gorgeous color and wonderful material. Highly recommend buying this top!,5,1,3,Initmates,Intimate,Pants
684,818,59,Great Buy,Very comfortable jeans with good stretch. Perfectly tailored for everyday wear.,5,1,5,General,Dresses,Pants
685,894,21,Disappointed,Runs way too small and fabric is scratchy. Disappointed with the quality.,1,0,8,Initmates,Dresses,Knits
686,1002,57,Disappointed,Shrank completely after the first wash! Terrible quality for the price.,1,0,11,Initmates,Jackets,Fine knit
687,1092,22,Great Buy,One of my favorite purchases this season! Fits great and very versatile.,5,1,14,General,Bottoms,Knits
688,1088,68,Disappointed,Item arrived with torn seams and looks completely different from the pictures.,1,0,6,General Petite,Jackets,Blouses
689,968,66,Great Buy,"The sweater is warm, soft, and stylish. Fits true to size and looks elegant.",5,1,6,General,Tops,Knits
690,1081,63,Disappointed,"Terrible material, feels cheap and fits horribly. Returning it immediately.",1,0,12,General,Bottoms,Blouses
691,1091,52,Great Buy,Flattering cut and lovely fabric! Will definitely order in another color.,5,1,5,Initmates,Tops,Fine knit
692,1162,21,Disappointed,Item arrived with torn seams and looks completely different from the pictures.,1,0,11,General Petite,Intimate,Blouses
693,939,18,Great Buy,"Material is fine, but the sleeves are a bit longer than expected.",3,1,6,Initmates,Tops,Knits
694,857,30,Great Buy,Great quality fabric and beautiful fit. Got so many compliments at work.,5,1,7,Initmates,Intimate,Dresses
695,1059,56,Great Buy,Cute design but required ironing out of the bag. Average quality overall.,3,1,8,Initmates,Jackets,Dresses
696,806,38,Disappointed,Sizing is completely off. Ordered my usual size and couldn't even zip it.,1,0,1,Initmates,Dresses,Fine knit
697,1045,39,Disappointed,Sizing is completely off. Ordered my usual size and couldn't even zip it.,1,0,0,General Petite,Bottoms,Blouses
698,833,27,Disappointed,Shrank completely after the first wash! Terrible quality for the price.,1,0,10,General,Tops,Blouses
699,1187,46,Great Buy,Soft material and nice design. Fits really well and fast shipping too.,5,1,5,General,Bottoms,Pants
700,1081,18,Disappointed,Way over-priced for such thin material. Doesn't look good at all.,1,0,14,Initmates,Intimate,Blouses
701,1005,43,Great Buy,Flattering cut and lovely fabric! Will definitely order in another color.,5,1,12,General,Intimate,Pants
702,846,26,Great Buy,Very comfortable jeans with good stretch. Perfectly tailored for everyday wear.,5,1,9,Initmates,Intimate,Blouses
703,936,20,Disappointed,"Awful fit, looks like a sack on me. Fabric feels synthetic and uncomfortable.",1,0,8,General,Bottoms,Knits
704,991,38,Great Buy,This dress exceeded my expectations! Beautiful drape and wonderful structure.,5,1,6,General Petite,Bottoms,Pants
705,1032,42,Great Buy,Super cute top! The embroidery details are amazing and material feels premium.,5,1,13,Initmates,Dresses,Knits
706,1088,61,Great Buy,"Okay top for everyday wear, but the color is slightly darker than pictured.",3,1,0,General,Bottoms,Pants
707,1118,55,Great Buy,Cute design but required ironing out of the bag. Average quality overall.,3,1,13,General Petite,Dresses,Dresses
708,969,54,Great Buy,I absolutely loved this dress! Fits perfectly and very comfortable to wear all day.,5,1,12,General Petite,Jackets,Dresses
709,1051,51,Great Buy,Very comfortable jeans with good stretch. Perfectly tailored for everyday wear.,5,1,12,General,Bottoms,Fine knit
710,1110,33,Disappointed,"Terrible material, feels cheap and fits horribly. Returning it immediately.",1,0,3,General,Tops,Blouses
711,1000,25,Great Buy,Soft material and nice design. Fits really well and fast shipping too.,5,1,0,General Petite,Dresses,Pants
712,851,24,Great Buy,Very comfortable jeans with good stretch. Perfectly tailored for everyday wear.,5,1,4,General Petite,Tops,Knits
713,835,23,Great Buy,One of my favorite purchases this season! Fits great and very versatile.,5,1,0,Initmates,Dresses,Fine knit
714,986,25,Great Buy,Fair product for the price point. Fits okay but nothing exceptional.,3,1,3,Initmates,Jackets,Dresses
715,891,18,Great Buy,This dress exceeded my expectations! Beautiful drape and wonderful structure.,5,1,10,General Petite,Dresses,Dresses
716,1050,45,Great Buy,"Material is fine, but the sleeves are a bit longer than expected.",3,1,0,General Petite,Tops,Fine knit
717,808,41,Great Buy,Soft material and nice design. Fits really well and fast shipping too.,5,1,3,General,Bottoms,Blouses
718,1051,26,Disappointed,Item arrived with torn seams and looks completely different from the pictures.,1,0,0,Initmates,Bottoms,Dresses
719,1065,29,Disappointed,Way over-priced for such thin material. Doesn't look good at all.,1,0,8,Initmates,Bottoms,Knits
720,854,20,Disappointed,Item arrived with torn seams and looks completely different from the pictures.,1,0,11,General,Dresses,Blouses
721,1125,67,Great Buy,This dress exceeded my expectations! Beautiful drape and wonderful structure.,5,1,12,Initmates,Jackets,Fine knit
722,1120,58,Disappointed,"Awful fit, looks like a sack on me. Fabric feels synthetic and uncomfortable.",1,0,13,General Petite,Bottoms,Knits
723,1083,41,Great Buy,Soft material and nice design. Fits really well and fast shipping too.,5,1,1,General,Dresses,Dresses
724,853,31,Great Buy,I absolutely loved this dress! Fits perfectly and very comfortable to wear all day.,5,1,6,General,Jackets,Knits
725,1136,42,Great Buy,Soft material and nice design. Fits really well and fast shipping too.,5,1,3,General,Bottoms,Dresses
726,1163,62,Disappointed,Runs way too small and fabric is scratchy. Disappointed with the quality.,1,0,13,Initmates,Intimate,Dresses
727,1000,29,Disappointed,Poor stitching and completely see-through. Definitely not worth the price.,1,0,2,General,Tops,Knits
728,949,35,Disappointed,Shrank completely after the first wash! Terrible quality for the price.,1,0,7,General Petite,Bottoms,Knits
729,1161,51,Disappointed,Item arrived with torn seams and looks completely different from the pictures.,1,0,9,Initmates,Jackets,Blouses
730,1009,26,Great Buy,Cute design but required ironing out of the bag. Average quality overall.,3,1,4,General,Tops,Fine knit
731,841,54,Disappointed,"Disappointing purchase. Cheap fabric, scratchy texture, and poor tailoring.",1,0,9,General,Intimate,Blouses
732,976,37,Disappointed,The color faded immediately and button fell off. Very bad construction.,1,0,9,General Petite,Tops,Blouses
733,905,42,Disappointed,"Disappointing purchase. Cheap fabric, scratchy texture, and poor tailoring.",1,0,6,Initmates,Bottoms,Pants
734,1130,43,Great Buy,Flattering cut and lovely fabric! Will definitely order in another color.,5,1,13,General Petite,Intimate,Blouses
735,1197,61,Great Buy,Great quality fabric and beautiful fit. Got so many compliments at work.,5,1,4,General Petite,Tops,Knits
736,961,22,Disappointed,The color faded immediately and button fell off. Very bad construction.,1,0,0,General,Jackets,Pants
737,1001,41,Disappointed,Shrank completely after the first wash! Terrible quality for the price.,1,0,12,Initmates,Dresses,Pants
738,819,37,Great Buy,Gorgeous color and wonderful material. Highly recommend buying this top!,5,1,7,Initmates,Tops,Dresses
739,1183,47,Great Buy,Very comfortable jeans with good stretch. Perfectly tailored for everyday wear.,5,1,0,General Petite,Jackets,Blouses
740,1192,27,Disappointed,Item arrived with torn seams and looks completely different from the pictures.,1,0,14,General Petite,Jackets,Blouses
741,891,34,Great Buy,"Material is fine, but the sleeves are a bit longer than expected.",3,1,0,Initmates,Bottoms,Pants
742,1160,21,Great Buy,Super cute top! The embroidery details are amazing and material feels premium.,5,1,7,General,Bottoms,Fine knit
743,808,35,Great Buy,Flattering cut and lovely fabric! Will definitely order in another color.,5,1,12,General,Tops,Knits
744,1147,20,Great Buy,Flattering cut and lovely fabric! Will definitely order in another color.,5,1,7,General Petite,Dresses,Knits
745,1017,55,Great Buy,Fair product for the price point. Fits okay but nothing exceptional.,3,1,9,General Petite,Bottoms,Blouses
746,1012,32,Great Buy,Soft material and nice design. Fits really well and fast shipping too.,5,1,11,General,Dresses,Blouses
747,1043,52,Great Buy,Gorgeous color and wonderful material. Highly recommend buying this top!,5,1,3,General,Dresses,Fine knit
748,982,23,Great Buy,"Okay top for everyday wear, but the color is slightly darker than pictured.",3,1,12,General,Bottoms,Pants
749,1180,62,Great Buy,"Okay top for everyday wear, but the color is slightly darker than pictured.",3,1,9,Initmates,Dresses,Fine knit
750,971,18,Great Buy,Gorgeous color and wonderful material. Highly recommend buying this top!,5,1,9,General Petite,Tops,Knits
751,1155,51,Disappointed,Item arrived with torn seams and looks completely different from the pictures.,1,0,5,Initmates,Tops,Knits
752,862,47,Disappointed,"Terrible material, feels cheap and fits horribly. Returning it immediately.",1,0,1,General Petite,Dresses,Blouses
753,994,23,Disappointed,Item arrived with torn seams and looks completely different from the pictures.,1,0,3,Initmates,Intimate,Knits
754,945,19,Great Buy,Fair product for the price point. Fits okay but nothing exceptional.,3,1,5,Initmates,Dresses,Blouses
755,926,24,Disappointed,Item arrived with torn seams and looks completely different from the pictures.,1,0,14,General,Jackets,Fine knit
756,828,32,Great Buy,Flattering cut and lovely fabric! Will definitely order in another color.,5,1,9,Initmates,Intimate,Knits
757,916,28,Great Buy,Flattering cut and lovely fabric! Will definitely order in another color.,5,1,9,Initmates,Dresses,Knits
758,1053,68,Great Buy,I absolutely loved this dress! Fits perfectly and very comfortable to wear all day.,5,1,3,General,Bottoms,Dresses
759,1042,23,Great Buy,"Material is fine, but the sleeves are a bit longer than expected.",3,1,10,General,Bottoms,Knits
760,877,19,Disappointed,"Awful fit, looks like a sack on me. Fabric feels synthetic and uncomfortable.",1,0,9,Initmates,Tops,Fine knit
761,826,43,Great Buy,Soft material and nice design. Fits really well and fast shipping too.,5,1,5,General Petite,Intimate,Pants
762,894,25,Great Buy,Gorgeous color and wonderful material. Highly recommend buying this top!,5,1,1,Initmates,Tops,Blouses
763,804,33,Great Buy,Soft material and nice design. Fits really well and fast shipping too.,5,1,11,Initmates,Dresses,Fine knit
764,858,26,Great Buy,"Decent quality for the price, but runs slightly small around the waist.",3,1,0,General,Jackets,Knits
765,1056,69,Disappointed,Shrank completely after the first wash! Terrible quality for the price.,1,0,8,General,Tops,Blouses
766,1141,31,Disappointed,Shrank completely after the first wash! Terrible quality for the price.,1,0,4,General,Tops,Dresses
767,1060,58,Great Buy,"Okay top for everyday wear, but the color is slightly darker than pictured.",3,1,14,Initmates,Dresses,Dresses
768,1004,20,Disappointed,Way over-priced for such thin material. Doesn't look good at all.,1,0,0,General,Bottoms,Fine knit
769,1061,40,Great Buy,Soft material and nice design. Fits really well and fast shipping too.,5,1,2,General,Intimate,Fine knit
770,1101,19,Great Buy,Super cute top! The embroidery details are amazing and material feels premium.,5,1,10,General,Intimate,Knits
771,994,53,Great Buy,"The sweater is warm, soft, and stylish. Fits true to size and looks elegant.",5,1,7,Initmates,Bottoms,Dresses
772,881,20,Great Buy,"Okay top for everyday wear, but the color is slightly darker than pictured.",3,1,2,General Petite,Bottoms,Pants
773,1127,21,Great Buy,"Okay top for everyday wear, but the color is slightly darker than pictured.",3,1,7,Initmates,Tops,Fine knit
774,1158,59,Disappointed,Shrank completely after the first wash! Terrible quality for the price.,1,0,9,General Petite,Intimate,Blouses
775,1165,44,Great Buy,Fair product for the price point. Fits okay but nothing exceptional.,3,1,13,General,Jackets,Pants
776,866,46,Disappointed,Poor stitching and completely see-through. Definitely not worth the price.,1,0,8,General Petite,Jackets,Knits
777,952,57,Great Buy,"Decent quality for the price, but runs slightly small around the waist.",3,1,13,Initmates,Dresses,Fine knit
778,1025,65,Disappointed,"Awful fit, looks like a sack on me. Fabric feels synthetic and uncomfortable.",1,0,13,General Petite,Dresses,Dresses
779,959,36,Great Buy,"Material is fine, but the sleeves are a bit longer than expected.",3,1,9,Initmates,Tops,Knits
780,1076,51,Great Buy,Soft material and nice design. Fits really well and fast shipping too.,5,1,11,General,Tops,Knits
781,896,32,Disappointed,Runs way too small and fabric is scratchy. Disappointed with the quality.,1,0,8,Initmates,Intimate,Knits
782,1137,45,Great Buy,Soft material and nice design. Fits really well and fast shipping too.,5,1,3,General,Intimate,Fine knit
783,1122,23,Disappointed,"Disappointing purchase. Cheap fabric, scratchy texture, and poor tailoring.",1,0,7,General Petite,Intimate,Dresses
784,972,20,Disappointed,"Terrible material, feels cheap and fits horribly. Returning it immediately.",1,0,0,Initmates,Tops,Blouses
785,1104,19,Disappointed,Runs way too small and fabric is scratchy. Disappointed with the quality.,1,0,12,General,Bottoms,Blouses
786,959,31,Great Buy,This dress exceeded my expectations! Beautiful drape and wonderful structure.,5,1,5,General Petite,Bottoms,Pants
787,1172,40,Great Buy,Great quality fabric and beautiful fit. Got so many compliments at work.,5,1,9,General Petite,Jackets,Pants
788,885,37,Great Buy,Gorgeous color and wonderful material. Highly recommend buying this top!,5,1,10,General,Intimate,Dresses
789,943,53,Great Buy,One of my favorite purchases this season! Fits great and very versatile.,5,1,13,General,Jackets,Blouses
790,1125,37,Great Buy,I absolutely loved this dress! Fits perfectly and very comfortable to wear all day.,5,1,12,General,Bottoms,Knits
791,1162,53,Disappointed,Runs way too small and fabric is scratchy. Disappointed with the quality.,1,0,8,Initmates,Jackets,Knits
792,987,45,Great Buy,"Decent quality for the price, but runs slightly small around the waist.",3,1,9,Initmates,Intimate,Dresses
793,806,33,Great Buy,Great quality fabric and beautiful fit. Got so many compliments at work.,5,1,1,General,Intimate,Pants
794,923,67,Great Buy,Soft material and nice design. Fits really well and fast shipping too.,5,1,0,General,Bottoms,Knits
795,1030,44,Disappointed,Way over-priced for such thin material. Doesn't look good at all.,1,0,13,General,Dresses,Blouses
796,1056,41,Great Buy,Soft material and nice design. Fits really well and fast shipping too.,5,1,7,Initmates,Bottoms,Blouses
797,1057,46,Great Buy,One of my favorite purchases this season! Fits great and very versatile.,5,1,5,General,Jackets,Fine knit
798,911,47,Disappointed,Runs way too small and fabric is scratchy. Disappointed with the quality.,1,0,8,General,Intimate,Pants
799,1120,18,Disappointed,Shrank completely after the first wash! Terrible quality for the price.,1,0,1,Initmates,Tops,Dresses
800,1072,38,Disappointed,"Disappointing purchase. Cheap fabric, scratchy texture, and poor tailoring.",1,0,0,Initmates,Bottoms,Pants
801,1134,68,Disappointed,Sizing is completely off. Ordered my usual size and couldn't even zip it.,1,0,7,General,Intimate,Dresses
802,832,43,Great Buy,Soft material and nice design. Fits really well and fast shipping too.,5,1,10,General Petite,Tops,Pants
803,804,29,Great Buy,One of my favorite purchases this season! Fits great and very versatile.,5,1,5,General,Jackets,Knits
804,1129,33,Disappointed,"Awful fit, looks like a sack on me. Fabric feels synthetic and uncomfortable.",1,0,12,Initmates,Tops,Pants
805,809,30,Great Buy,Gorgeous color and wonderful material. Highly recommend buying this top!,5,1,3,General,Dresses,Dresses
806,986,30,Great Buy,Flattering cut and lovely fabric! Will definitely order in another color.,5,1,14,General Petite,Dresses,Pants
807,1111,66,Great Buy,"The sweater is warm, soft, and stylish. Fits true to size and looks elegant.",5,1,8,General,Dresses,Fine knit
808,1189,64,Great Buy,Very comfortable jeans with good stretch. Perfectly tailored for everyday wear.,5,1,13,General,Dresses,Blouses
809,932,51,Disappointed,"Awful fit, looks like a sack on me. Fabric feels synthetic and uncomfortable.",1,0,9,General Petite,Tops,Dresses
810,838,64,Great Buy,One of my favorite purchases this season! Fits great and very versatile.,5,1,4,Initmates,Dresses,Pants
811,867,49,Great Buy,Super cute top! The embroidery details are amazing and material feels premium.,5,1,4,Initmates,Bottoms,Fine knit
812,1091,46,Disappointed,"Awful fit, looks like a sack on me. Fabric feels synthetic and uncomfortable.",1,0,5,General Petite,Bottoms,Knits
813,1007,58,Great Buy,One of my favorite purchases this season! Fits great and very versatile.,5,1,6,Initmates,Intimate,Fine knit
814,1119,42,Disappointed,"Disappointing purchase. Cheap fabric, scratchy texture, and poor tailoring.",1,0,4,General,Dresses,Pants
815,1190,30,Disappointed,Runs way too small and fabric is scratchy. Disappointed with the quality.,1,0,2,General,Jackets,Dresses
816,800,67,Disappointed,Way over-priced for such thin material. Doesn't look good at all.,1,0,3,General,Bottoms,Pants
817,992,45,Great Buy,"Okay top for everyday wear, but the color is slightly darker than pictured.",3,1,9,General Petite,Jackets,Knits
818,1116,19,Great Buy,Flattering cut and lovely fabric! Will definitely order in another color.,5,1,12,General Petite,Dresses,Fine knit
819,920,28,Great Buy,"The sweater is warm, soft, and stylish. Fits true to size and looks elegant.",5,1,13,Initmates,Jackets,Knits
820,949,59,Great Buy,I absolutely loved this dress! Fits perfectly and very comfortable to wear all day.,5,1,11,General Petite,Jackets,Knits
821,1185,19,Great Buy,"The sweater is warm, soft, and stylish. Fits true to size and looks elegant.",5,1,3,General,Dresses,Fine knit
822,991,22,Great Buy,"The sweater is warm, soft, and stylish. Fits true to size and looks elegant.",5,1,7,General Petite,Dresses,Fine knit
823,989,28,Great Buy,Super cute top! The embroidery details are amazing and material feels premium.,5,1,1,General,Bottoms,Fine knit
824,1046,22,Disappointed,"Awful fit, looks like a sack on me. Fabric feels synthetic and uncomfortable.",1,0,13,General Petite,Tops,Fine knit
825,1171,21,Great Buy,Fair product for the price point. Fits okay but nothing exceptional.,3,1,4,General Petite,Intimate,Dresses
826,906,53,Great Buy,"The sweater is warm, soft, and stylish. Fits true to size and looks elegant.",5,1,9,Initmates,Intimate,Dresses
827,1076,45,Disappointed,Poor stitching and completely see-through. Definitely not worth the price.,1,0,7,General,Jackets,Knits
828,937,67,Disappointed,Sizing is completely off. Ordered my usual size and couldn't even zip it.,1,0,9,Initmates,Bottoms,Pants
829,1068,18,Great Buy,This dress exceeded my expectations! Beautiful drape and wonderful structure.,5,1,11,Initmates,Bottoms,Fine knit
830,962,41,Great Buy,Gorgeous color and wonderful material. Highly recommend buying this top!,5,1,1,General,Intimate,Blouses
831,988,55,Great Buy,Super cute top! The embroidery details are amazing and material feels premium.,5,1,10,General,Bottoms,Fine knit
832,912,50,Great Buy,Great quality fabric and beautiful fit. Got so many compliments at work.,5,1,0,General,Tops,Fine knit
833,1135,38,Great Buy,This dress exceeded my expectations! Beautiful drape and wonderful structure.,5,1,11,Initmates,Intimate,Pants
834,1019,69,Great Buy,Soft material and nice design. Fits really well and fast shipping too.,5,1,5,General,Bottoms,Knits
835,1163,41,Great Buy,One of my favorite purchases this season! Fits great and very versatile.,5,1,14,Initmates,Jackets,Knits
836,1056,32,Great Buy,Great quality fabric and beautiful fit. Got so many compliments at work.,5,1,14,General,Tops,Pants
837,1123,66,Great Buy,Great quality fabric and beautiful fit. Got so many compliments at work.,5,1,4,General Petite,Intimate,Dresses
838,853,31,Great Buy,"Decent quality for the price, but runs slightly small around the waist.",3,1,0,General Petite,Intimate,Knits
839,900,66,Great Buy,Very comfortable jeans with good stretch. Perfectly tailored for everyday wear.,5,1,1,General Petite,Intimate,Knits
840,972,53,Disappointed,"Disappointing purchase. Cheap fabric, scratchy texture, and poor tailoring.",1,0,3,General Petite,Intimate,Dresses
841,824,60,Disappointed,"Terrible material, feels cheap and fits horribly. Returning it immediately.",1,0,8,General,Jackets,Fine knit
842,1184,67,Disappointed,Sizing is completely off. Ordered my usual size and couldn't even zip it.,1,0,14,General Petite,Tops,Pants
843,852,43,Disappointed,Item arrived with torn seams and looks completely different from the pictures.,1,0,4,General Petite,Jackets,Fine knit
844,964,67,Disappointed,Way over-priced for such thin material. Doesn't look good at all.,1,0,13,General Petite,Jackets,Knits
845,979,51,Great Buy,Super cute top! The embroidery details are amazing and material feels premium.,5,1,0,Initmates,Jackets,Dresses
846,1087,43,Disappointed,Runs way too small and fabric is scratchy. Disappointed with the quality.,1,0,0,General,Intimate,Pants
847,1015,54,Disappointed,Way over-priced for such thin material. Doesn't look good at all.,1,0,11,General,Intimate,Knits
848,947,30,Great Buy,"Material is fine, but the sleeves are a bit longer than expected.",3,1,1,Initmates,Dresses,Blouses
849,993,37,Disappointed,Item arrived with torn seams and looks completely different from the pictures.,1,0,14,General,Dresses,Dresses
850,1073,43,Great Buy,"Material is fine, but the sleeves are a bit longer than expected.",3,1,12,General Petite,Jackets,Fine knit
851,892,51,Great Buy,Gorgeous color and wonderful material. Highly recommend buying this top!,5,1,9,Initmates,Dresses,Knits
852,1087,26,Disappointed,"Disappointing purchase. Cheap fabric, scratchy texture, and poor tailoring.",1,0,3,General,Intimate,Fine knit
853,1083,33,Great Buy,Cute design but required ironing out of the bag. Average quality overall.,3,1,5,Initmates,Dresses,Fine knit
854,1014,39,Great Buy,Gorgeous color and wonderful material. Highly recommend buying this top!,5,1,9,General,Bottoms,Knits
855,985,66,Great Buy,Very comfortable jeans with good stretch. Perfectly tailored for everyday wear.,5,1,0,Initmates,Dresses,Pants
856,1092,52,Great Buy,Cute design but required ironing out of the bag. Average quality overall.,3,1,6,General Petite,Dresses,Blouses
857,980,52,Great Buy,Very comfortable jeans with good stretch. Perfectly tailored for everyday wear.,5,1,0,Initmates,Intimate,Dresses
858,1159,44,Disappointed,Way over-priced for such thin material. Doesn't look good at all.,1,0,13,Initmates,Dresses,Dresses
859,952,41,Great Buy,Flattering cut and lovely fabric! Will definitely order in another color.,5,1,8,General Petite,Tops,Dresses
860,857,67,Great Buy,Great quality fabric and beautiful fit. Got so many compliments at work.,5,1,1,General Petite,Jackets,Fine knit
861,1028,27,Disappointed,Sizing is completely off. Ordered my usual size and couldn't even zip it.,1,0,12,Initmates,Intimate,Pants
862,993,61,Great Buy,One of my favorite purchases this season! Fits great and very versatile.,5,1,10,Initmates,Bottoms,Pants
863,1051,62,Great Buy,Gorgeous color and wonderful material. Highly recommend buying this top!,5,1,0,General,Dresses,Fine knit
864,1076,22,Disappointed,Runs way too small and fabric is scratchy. Disappointed with the quality.,1,0,13,General,Jackets,Knits
865,931,43,Disappointed,Sizing is completely off. Ordered my usual size and couldn't even zip it.,1,0,13,Initmates,Dresses,Knits
866,1127,44,Great Buy,Fair product for the price point. Fits okay but nothing exceptional.,3,1,13,Initmates,Bottoms,Knits
867,1199,19,Great Buy,Flattering cut and lovely fabric! Will definitely order in another color.,5,1,4,General,Jackets,Fine knit
868,951,49,Great Buy,"The sweater is warm, soft, and stylish. Fits true to size and looks elegant.",5,1,14,Initmates,Tops,Fine knit
869,963,61,Great Buy,Flattering cut and lovely fabric! Will definitely order in another color.,5,1,4,General,Bottoms,Knits
870,1188,25,Great Buy,Fair product for the price point. Fits okay but nothing exceptional.,3,1,14,General Petite,Jackets,Knits
871,805,37,Great Buy,Soft material and nice design. Fits really well and fast shipping too.,5,1,14,Initmates,Tops,Knits
872,970,37,Disappointed,Poor stitching and completely see-through. Definitely not worth the price.,1,0,4,General,Dresses,Knits
873,838,42,Disappointed,"Disappointing purchase. Cheap fabric, scratchy texture, and poor tailoring.",1,0,3,General Petite,Dresses,Blouses
874,994,35,Disappointed,Item arrived with torn seams and looks completely different from the pictures.,1,0,12,General,Dresses,Dresses
875,1000,24,Disappointed,The color faded immediately and button fell off. Very bad construction.,1,0,13,General,Bottoms,Blouses
876,919,40,Disappointed,Poor stitching and completely see-through. Definitely not worth the price.,1,0,6,General Petite,Bottoms,Dresses
877,929,30,Great Buy,This dress exceeded my expectations! Beautiful drape and wonderful structure.,5,1,10,General Petite,Jackets,Knits
878,827,54,Disappointed,"Terrible material, feels cheap and fits horribly. Returning it immediately.",1,0,8,Initmates,Intimate,Pants
879,846,47,Disappointed,"Terrible material, feels cheap and fits horribly. Returning it immediately.",1,0,9,Initmates,Intimate,Blouses
880,970,67,Great Buy,"Decent quality for the price, but runs slightly small around the waist.",3,1,6,General,Jackets,Blouses
881,825,69,Disappointed,Item arrived with torn seams and looks completely different from the pictures.,1,0,7,Initmates,Jackets,Dresses
882,849,39,Great Buy,Very comfortable jeans with good stretch. Perfectly tailored for everyday wear.,5,1,2,General Petite,Dresses,Fine knit
883,1159,46,Great Buy,"The sweater is warm, soft, and stylish. Fits true to size and looks elegant.",5,1,3,General,Jackets,Blouses
884,889,29,Great Buy,One of my favorite purchases this season! Fits great and very versatile.,5,1,1,Initmates,Intimate,Fine knit
885,1076,30,Great Buy,Flattering cut and lovely fabric! Will definitely order in another color.,5,1,8,Initmates,Intimate,Pants
886,1032,39,Great Buy,Gorgeous color and wonderful material. Highly recommend buying this top!,5,1,10,Initmates,Bottoms,Dresses
887,1028,41,Disappointed,"Awful fit, looks like a sack on me. Fabric feels synthetic and uncomfortable.",1,0,14,General,Tops,Dresses
888,1082,44,Great Buy,Flattering cut and lovely fabric! Will definitely order in another color.,5,1,7,General Petite,Intimate,Fine knit
889,979,28,Great Buy,Very comfortable jeans with good stretch. Perfectly tailored for everyday wear.,5,1,1,General,Bottoms,Dresses
890,1016,38,Disappointed,Poor stitching and completely see-through. Definitely not worth the price.,1,0,9,General Petite,Bottoms,Dresses
891,925,66,Disappointed,The color faded immediately and button fell off. Very bad construction.,1,0,9,General Petite,Tops,Fine knit
892,994,46,Disappointed,Shrank completely after the first wash! Terrible quality for the price.,1,0,4,General,Dresses,Dresses
893,1051,50,Great Buy,Super cute top! The embroidery details are amazing and material feels premium.,5,1,13,General Petite,Bottoms,Pants
894,1163,36,Great Buy,"Material is fine, but the sleeves are a bit longer than expected.",3,1,7,General Petite,Tops,Pants
895,838,59,Great Buy,Great quality fabric and beautiful fit. Got so many compliments at work.,5,1,6,General,Bottoms,Pants
896,1127,64,Disappointed,Poor stitching and completely see-through. Definitely not worth the price.,1,0,14,General Petite,Dresses,Dresses
897,927,41,Disappointed,"Awful fit, looks like a sack on me. Fabric feels synthetic and uncomfortable.",1,0,11,Initmates,Bottoms,Pants
898,809,19,Disappointed,Shrank completely after the first wash! Terrible quality for the price.,1,0,4,Initmates,Dresses,Pants
899,814,28,Great Buy,Cute design but required ironing out of the bag. Average quality overall.,3,1,5,General Petite,Dresses,Knits
900,1032,19,Great Buy,I absolutely loved this dress! Fits perfectly and very comfortable to wear all day.,5,1,10,General,Intimate,Knits
901,1159,44,Disappointed,"Awful fit, looks like a sack on me. Fabric feels synthetic and uncomfortable.",1,0,14,Initmates,Dresses,Knits
902,997,42,Great Buy,"Material is fine, but the sleeves are a bit longer than expected.",3,1,4,General,Jackets,Pants
903,1173,49,Disappointed,Shrank completely after the first wash! Terrible quality for the price.,1,0,1,Initmates,Bottoms,Knits
904,1129,56,Disappointed,Item arrived with torn seams and looks completely different from the pictures.,1,0,2,General,Jackets,Knits
905,1164,50,Disappointed,The color faded immediately and button fell off. Very bad construction.,1,0,14,General,Intimate,Knits
906,1077,43,Great Buy,Super cute top! The embroidery details are amazing and material feels premium.,5,1,12,General Petite,Bottoms,Dresses
907,1137,31,Great Buy,"The sweater is warm, soft, and stylish. Fits true to size and looks elegant.",5,1,8,General,Tops,Pants
908,1121,30,Disappointed,Sizing is completely off. Ordered my usual size and couldn't even zip it.,1,0,8,General Petite,Bottoms,Fine knit
909,1069,47,Disappointed,The color faded immediately and button fell off. Very bad construction.,1,0,2,General Petite,Intimate,Knits
910,816,62,Great Buy,Great quality fabric and beautiful fit. Got so many compliments at work.,5,1,11,Initmates,Tops,Knits
911,1036,67,Disappointed,Item arrived with torn seams and looks completely different from the pictures.,1,0,2,Initmates,Tops,Fine knit
912,1016,45,Great Buy,Great quality fabric and beautiful fit. Got so many compliments at work.,5,1,7,Initmates,Tops,Fine knit
913,1070,59,Great Buy,Great quality fabric and beautiful fit. Got so many compliments at work.,5,1,0,General Petite,Dresses,Pants
914,820,24,Great Buy,Very comfortable jeans with good stretch. Perfectly tailored for everyday wear.,5,1,6,Initmates,Bottoms,Blouses
915,1001,62,Disappointed,Poor stitching and completely see-through. Definitely not worth the price.,1,0,9,General Petite,Tops,Dresses
916,1026,47,Great Buy,Gorgeous color and wonderful material. Highly recommend buying this top!,5,1,1,General,Tops,Pants
917,846,18,Disappointed,Sizing is completely off. Ordered my usual size and couldn't even zip it.,1,0,0,General,Bottoms,Dresses
918,954,60,Disappointed,The color faded immediately and button fell off. Very bad construction.,1,0,1,General,Intimate,Fine knit
919,945,26,Great Buy,Super cute top! The embroidery details are amazing and material feels premium.,5,1,7,General,Intimate,Fine knit
920,1019,64,Great Buy,Flattering cut and lovely fabric! Will definitely order in another color.,5,1,6,General,Jackets,Pants
921,839,65,Great Buy,"Material is fine, but the sleeves are a bit longer than expected.",3,1,8,General,Jackets,Dresses
922,851,27,Great Buy,Super cute top! The embroidery details are amazing and material feels premium.,5,1,1,Initmates,Jackets,Blouses
923,1128,31,Great Buy,Fair product for the price point. Fits okay but nothing exceptional.,3,1,1,General Petite,Dresses,Knits
924,821,56,Great Buy,This dress exceeded my expectations! Beautiful drape and wonderful structure.,5,1,0,General,Jackets,Dresses
925,1138,55,Disappointed,Runs way too small and fabric is scratchy. Disappointed with the quality.,1,0,8,Initmates,Dresses,Blouses
926,1088,21,Great Buy,Super cute top! The embroidery details are amazing and material feels premium.,5,1,11,General,Jackets,Blouses
927,1044,64,Great Buy,"Decent quality for the price, but runs slightly small around the waist.",3,1,3,General,Bottoms,Pants
928,877,52,Disappointed,The color faded immediately and button fell off. Very bad construction.,1,0,14,Initmates,Jackets,Pants
929,1138,24,Great Buy,Soft material and nice design. Fits really well and fast shipping too.,5,1,5,General Petite,Jackets,Blouses
930,853,27,Great Buy,Great quality fabric and beautiful fit. Got so many compliments at work.,5,1,11,Initmates,Tops,Blouses
931,1186,35,Great Buy,Soft material and nice design. Fits really well and fast shipping too.,5,1,14,General Petite,Bottoms,Dresses
932,1016,22,Great Buy,Gorgeous color and wonderful material. Highly recommend buying this top!,5,1,10,General,Bottoms,Dresses
933,846,37,Great Buy,"Okay top for everyday wear, but the color is slightly darker than pictured.",3,1,5,General Petite,Dresses,Pants
934,914,57,Disappointed,Item arrived with torn seams and looks completely different from the pictures.,1,0,10,Initmates,Bottoms,Fine knit
935,1196,25,Great Buy,Flattering cut and lovely fabric! Will definitely order in another color.,5,1,9,Initmates,Jackets,Knits
936,902,22,Great Buy,This dress exceeded my expectations! Beautiful drape and wonderful structure.,5,1,11,General Petite,Jackets,Knits
937,896,25,Great Buy,Very comfortable jeans with good stretch. Perfectly tailored for everyday wear.,5,1,6,General Petite,Intimate,Blouses
938,945,68,Disappointed,Item arrived with torn seams and looks completely different from the pictures.,1,0,2,Initmates,Jackets,Blouses
939,960,46,Great Buy,Super cute top! The embroidery details are amazing and material feels premium.,5,1,7,Initmates,Dresses,Fine knit
940,975,59,Great Buy,Very comfortable jeans with good stretch. Perfectly tailored for everyday wear.,5,1,1,General Petite,Dresses,Blouses
941,1101,65,Great Buy,Great quality fabric and beautiful fit. Got so many compliments at work.,5,1,1,Initmates,Dresses,Blouses
942,1128,27,Great Buy,This dress exceeded my expectations! Beautiful drape and wonderful structure.,5,1,7,General Petite,Bottoms,Knits
943,1126,23,Disappointed,Poor stitching and completely see-through. Definitely not worth the price.,1,0,9,Initmates,Intimate,Knits
944,808,46,Great Buy,Very comfortable jeans with good stretch. Perfectly tailored for everyday wear.,5,1,7,General Petite,Jackets,Dresses
945,1025,25,Great Buy,One of my favorite purchases this season! Fits great and very versatile.,5,1,10,General Petite,Intimate,Dresses
946,1064,46,Great Buy,Super cute top! The embroidery details are amazing and material feels premium.,5,1,14,General Petite,Intimate,Dresses
947,1017,32,Great Buy,Soft material and nice design. Fits really well and fast shipping too.,5,1,7,General,Jackets,Fine knit
948,912,37,Great Buy,"The sweater is warm, soft, and stylish. Fits true to size and looks elegant.",5,1,2,General Petite,Bottoms,Knits
949,827,45,Great Buy,I absolutely loved this dress! Fits perfectly and very comfortable to wear all day.,5,1,0,General Petite,Dresses,Knits
950,875,27,Disappointed,Runs way too small and fabric is scratchy. Disappointed with the quality.,1,0,2,General,Bottoms,Pants
951,805,26,Disappointed,"Terrible material, feels cheap and fits horribly. Returning it immediately.",1,0,7,General,Dresses,Dresses
952,1111,33,Great Buy,"The sweater is warm, soft, and stylish. Fits true to size and looks elegant.",5,1,14,General Petite,Jackets,Knits
953,905,35,Great Buy,Great quality fabric and beautiful fit. Got so many compliments at work.,5,1,13,General,Jackets,Blouses
954,1080,46,Disappointed,Runs way too small and fabric is scratchy. Disappointed with the quality.,1,0,10,Initmates,Bottoms,Knits
955,1141,37,Disappointed,Runs way too small and fabric is scratchy. Disappointed with the quality.,1,0,9,General Petite,Jackets,Fine knit
956,907,65,Disappointed,"Awful fit, looks like a sack on me. Fabric feels synthetic and uncomfortable.",1,0,11,General Petite,Tops,Blouses
957,843,29,Great Buy,This dress exceeded my expectations! Beautiful drape and wonderful structure.,5,1,1,Initmates,Jackets,Blouses
958,845,36,Disappointed,"Awful fit, looks like a sack on me. Fabric feels synthetic and uncomfortable.",1,0,3,General,Jackets,Dresses
959,1185,36,Disappointed,The color faded immediately and button fell off. Very bad construction.,1,0,8,Initmates,Bottoms,Blouses
960,934,47,Great Buy,Super cute top! The embroidery details are amazing and material feels premium.,5,1,8,General,Intimate,Pants
961,1081,38,Disappointed,Way over-priced for such thin material. Doesn't look good at all.,1,0,13,General,Jackets,Fine knit
962,838,55,Great Buy,"The sweater is warm, soft, and stylish. Fits true to size and looks elegant.",5,1,5,Initmates,Intimate,Knits
963,1024,19,Great Buy,Great quality fabric and beautiful fit. Got so many compliments at work.,5,1,13,General Petite,Bottoms,Fine knit
964,1195,48,Great Buy,Flattering cut and lovely fabric! Will definitely order in another color.,5,1,2,General,Dresses,Knits
965,1160,50,Disappointed,Runs way too small and fabric is scratchy. Disappointed with the quality.,1,0,8,General,Jackets,Blouses
966,1184,68,Disappointed,"Disappointing purchase. Cheap fabric, scratchy texture, and poor tailoring.",1,0,14,General,Jackets,Fine knit
967,1099,28,Disappointed,Way over-priced for such thin material. Doesn't look good at all.,1,0,3,General,Bottoms,Knits
968,1124,40,Great Buy,"The sweater is warm, soft, and stylish. Fits true to size and looks elegant.",5,1,14,General Petite,Bottoms,Knits
969,901,57,Disappointed,The color faded immediately and button fell off. Very bad construction.,1,0,9,Initmates,Tops,Knits
970,1063,22,Disappointed,Way over-priced for such thin material. Doesn't look good at all.,1,0,4,Initmates,Tops,Fine knit
971,951,42,Great Buy,"The sweater is warm, soft, and stylish. Fits true to size and looks elegant.",5,1,5,General,Tops,Blouses
972,1107,67,Great Buy,Super cute top! The embroidery details are amazing and material feels premium.,5,1,11,General Petite,Jackets,Dresses
973,1038,69,Disappointed,Runs way too small and fabric is scratchy. Disappointed with the quality.,1,0,5,General Petite,Dresses,Pants
974,1170,59,Great Buy,Soft material and nice design. Fits really well and fast shipping too.,5,1,9,Initmates,Intimate,Knits
975,1045,50,Disappointed,The color faded immediately and button fell off. Very bad construction.,1,0,2,General Petite,Bottoms,Blouses
976,1086,21,Disappointed,Poor stitching and completely see-through. Definitely not worth the price.,1,0,0,General Petite,Jackets,Knits
977,809,39,Disappointed,"Disappointing purchase. Cheap fabric, scratchy texture, and poor tailoring.",1,0,7,General Petite,Bottoms,Pants
978,891,53,Great Buy,I absolutely loved this dress! Fits perfectly and very comfortable to wear all day.,5,1,4,General Petite,Jackets,Fine knit
979,903,39,Disappointed,The color faded immediately and button fell off. Very bad construction.,1,0,13,General,Intimate,Blouses
980,804,36,Great Buy,Fair product for the price point. Fits okay but nothing exceptional.,3,1,10,General,Tops,Dresses
981,1166,40,Great Buy,Great quality fabric and beautiful fit. Got so many compliments at work.,5,1,7,General,Bottoms,Fine knit
982,1038,32,Great Buy,Very comfortable jeans with good stretch. Perfectly tailored for everyday wear.,5,1,6,Initmates,Intimate,Knits
983,1111,55,Disappointed,Shrank completely after the first wash! Terrible quality for the price.,1,0,4,General Petite,Tops,Knits
984,1198,56,Great Buy,Fair product for the price point. Fits okay but nothing exceptional.,3,1,14,General,Jackets,Blouses
985,915,62,Great Buy,Flattering cut and lovely fabric! Will definitely order in another color.,5,1,6,General,Jackets,Blouses
986,1062,42,Great Buy,I absolutely loved this dress! Fits perfectly and very comfortable to wear all day.,5,1,6,General Petite,Bottoms,Pants
987,869,61,Great Buy,Super cute top! The embroidery details are amazing and material feels premium.,5,1,2,Initmates,Jackets,Pants
988,1037,56,Disappointed,"Terrible material, feels cheap and fits horribly. Returning it immediately.",1,0,8,General,Jackets,Pants
989,834,54,Great Buy,One of my favorite purchases this season! Fits great and very versatile.,5,1,8,Initmates,Intimate,Blouses
990,1074,37,Disappointed,Way over-priced for such thin material. Doesn't look good at all.,1,0,3,Initmates,Jackets,Blouses
991,1003,58,Great Buy,One of my favorite purchases this season! Fits great and very versatile.,5,1,13,General Petite,Jackets,Dresses
992,889,35,Disappointed,Item arrived with torn seams and looks completely different from the pictures.,1,0,4,General,Intimate,Blouses
993,1093,40,Disappointed,"Awful fit, looks like a sack on me. Fabric feels synthetic and uncomfortable.",1,0,0,Initmates,Tops,Dresses
994,1118,63,Disappointed,The color faded immediately and button fell off. Very bad construction.,1,0,3,General Petite,Jackets,Blouses
995,930,69,Great Buy,Fair product for the price point. Fits okay but nothing exceptional.,3,1,1,General Petite,Bottoms,Pants
996,838,39,Disappointed,Sizing is completely off. Ordered my usual size and couldn't even zip it.,1,0,10,Initmates,Tops,Blouses
997,1139,34,Great Buy,Great quality fabric and beautiful fit. Got so many compliments at work.,5,1,0,Initmates,Tops,Knits
998,1082,60,Disappointed,"Disappointing purchase. Cheap fabric, scratchy texture, and poor tailoring.",1,0,2,General,Intimate,Dresses
999,1015,26,Great Buy,Fair product for the price point. Fits okay but nothing exceptional.,3,1,13,Initmates,Bottoms,Knits
1000,862,19,Great Buy,I absolutely loved this dress! Fits perfectly and very comfortable to wear all day.,5,1,4,Initmates,Dresses,Dresses
1001,960,57,Disappointed,Runs way too small and fabric is scratchy. Disappointed with the quality.,1,0,12,General Petite,Jackets,Pants
1002,940,28,Disappointed,"Awful fit, looks like a sack on me. Fabric feels synthetic and uncomfortable.",1,0,14,General,Intimate,Pants
1003,1060,32,Disappointed,The color faded immediately and button fell off. Very bad construction.,1,0,1,Initmates,Jackets,Fine knit
1004,1119,65,Great Buy,Great quality fabric and beautiful fit. Got so many compliments at work.,5,1,9,General,Jackets,Pants
1005,1104,23,Great Buy,Very comfortable jeans with good stretch. Perfectly tailored for everyday wear.,5,1,12,General Petite,Intimate,Fine knit
1006,832,54,Great Buy,Super cute top! The embroidery details are amazing and material feels premium.,5,1,11,General,Tops,Blouses
1007,1033,58,Great Buy,Flattering cut and lovely fabric! Will definitely order in another color.,5,1,3,General Petite,Tops,Dresses
1008,824,53,Disappointed,Sizing is completely off. Ordered my usual size and couldn't even zip it.,1,0,2,Initmates,Jackets,Knits
1009,1115,32,Great Buy,Great quality fabric and beautiful fit. Got so many compliments at work.,5,1,6,General,Dresses,Pants
1010,1022,33,Disappointed,Poor stitching and completely see-through. Definitely not worth the price.,1,0,1,Initmates,Intimate,Pants
1011,815,24,Great Buy,Super cute top! The embroidery details are amazing and material feels premium.,5,1,8,General,Bottoms,Dresses
1012,1187,27,Great Buy,Soft material and nice design. Fits really well and fast shipping too.,5,1,6,General Petite,Tops,Pants
1013,1119,55,Disappointed,"Awful fit, looks like a sack on me. Fabric feels synthetic and uncomfortable.",1,0,6,General,Jackets,Knits
1014,828,34,Great Buy,"Material is fine, but the sleeves are a bit longer than expected.",3,1,0,General,Jackets,Fine knit
1015,1046,19,Great Buy,This dress exceeded my expectations! Beautiful drape and wonderful structure.,5,1,9,General,Jackets,Dresses
1016,877,39,Disappointed,Item arrived with torn seams and looks completely different from the pictures.,1,0,0,General,Dresses,Blouses
1017,1103,53,Great Buy,One of my favorite purchases this season! Fits great and very versatile.,5,1,11,General Petite,Dresses,Blouses
1018,1130,66,Disappointed,Sizing is completely off. Ordered my usual size and couldn't even zip it.,1,0,5,General Petite,Intimate,Dresses
1019,1085,25,Great Buy,"The sweater is warm, soft, and stylish. Fits true to size and looks elegant.",5,1,14,General,Bottoms,Fine knit
1020,930,42,Great Buy,This dress exceeded my expectations! Beautiful drape and wonderful structure.,5,1,5,Initmates,Dresses,Fine knit
1021,868,52,Disappointed,Way over-priced for such thin material. Doesn't look good at all.,1,0,13,Initmates,Jackets,Blouses
1022,1050,37,Great Buy,Very comfortable jeans with good stretch. Perfectly tailored for everyday wear.,5,1,3,General Petite,Dresses,Blouses
1023,1159,55,Great Buy,Great quality fabric and beautiful fit. Got so many compliments at work.,5,1,11,Initmates,Dresses,Knits
1024,1069,69,Great Buy,I absolutely loved this dress! Fits perfectly and very comfortable to wear all day.,5,1,7,Initmates,Dresses,Fine knit
1025,813,29,Disappointed,"Terrible material, feels cheap and fits horribly. Returning it immediately.",1,0,11,Initmates,Bottoms,Knits
1026,895,38,Great Buy,Gorgeous color and wonderful material. Highly recommend buying this top!,5,1,8,General,Tops,Dresses
1027,1123,51,Great Buy,"Material is fine, but the sleeves are a bit longer than expected.",3,1,2,General Petite,Bottoms,Pants
1028,813,44,Disappointed,Item arrived with torn seams and looks completely different from the pictures.,1,0,12,General Petite,Tops,Pants
1029,835,42,Great Buy,Super cute top! The embroidery details are amazing and material feels premium.,5,1,10,General,Tops,Fine knit
1030,1079,23,Great Buy,Soft material and nice design. Fits really well and fast shipping too.,5,1,2,General Petite,Dresses,Dresses
1031,969,42,Great Buy,Very comfortable jeans with good stretch. Perfectly tailored for everyday wear.,5,1,10,Initmates,Tops,Fine knit
1032,949,38,Disappointed,"Terrible material, feels cheap and fits horribly. Returning it immediately.",1,0,11,General,Jackets,Blouses
1033,1188,55,Disappointed,"Disappointing purchase. Cheap fabric, scratchy texture, and poor tailoring.",1,0,10,Initmates,Bottoms,Blouses
1034,1092,49,Disappointed,The color faded immediately and button fell off. Very bad construction.,1,0,9,General,Intimate,Knits
1035,987,46,Great Buy,This dress exceeded my expectations! Beautiful drape and wonderful structure.,5,1,0,General,Jackets,Blouses
1036,1100,47,Great Buy,Fair product for the price point. Fits okay but nothing exceptional.,3,1,0,General,Tops,Knits
1037,1002,53,Great Buy,This dress exceeded my expectations! Beautiful drape and wonderful structure.,5,1,1,General,Bottoms,Pants
1038,834,32,Disappointed,Item arrived with torn seams and looks completely different from the pictures.,1,0,12,Initmates,Tops,Blouses
1039,1100,58,Great Buy,Great quality fabric and beautiful fit. Got so many compliments at work.,5,1,3,General Petite,Intimate,Fine knit
1040,850,22,Great Buy,Flattering cut and lovely fabric! Will definitely order in another color.,5,1,8,Initmates,Tops,Pants
1041,1109,31,Great Buy,Flattering cut and lovely fabric! Will definitely order in another color.,5,1,6,General,Tops,Pants
1042,951,22,Great Buy,Fair product for the price point. Fits okay but nothing exceptional.,3,1,14,General Petite,Bottoms,Knits
1043,819,60,Disappointed,Sizing is completely off. Ordered my usual size and couldn't even zip it.,1,0,11,General Petite,Dresses,Pants
1044,1187,48,Disappointed,"Disappointing purchase. Cheap fabric, scratchy texture, and poor tailoring.",1,0,5,Initmates,Bottoms,Dresses
1045,1016,45,Disappointed,Shrank completely after the first wash! Terrible quality for the price.,1,0,9,General Petite,Dresses,Knits
1046,1066,31,Great Buy,Fair product for the price point. Fits okay but nothing exceptional.,3,1,12,Initmates,Tops,Blouses
1047,838,25,Disappointed,"Terrible material, feels cheap and fits horribly. Returning it immediately.",1,0,11,General Petite,Jackets,Pants
1048,807,20,Great Buy,Great quality fabric and beautiful fit. Got so many compliments at work.,5,1,6,General Petite,Bottoms,Fine knit
1049,910,40,Disappointed,Way over-priced for such thin material. Doesn't look good at all.,1,0,10,General,Tops,Dresses
1050,1080,27,Great Buy,Soft material and nice design. Fits really well and fast shipping too.,5,1,10,Initmates,Bottoms,Dresses
1051,929,43,Great Buy,Super cute top! The embroidery details are amazing and material feels premium.,5,1,3,Initmates,Intimate,Knits
1052,947,23,Great Buy,This dress exceeded my expectations! Beautiful drape and wonderful structure.,5,1,3,General,Jackets,Pants
1053,1134,38,Disappointed,"Awful fit, looks like a sack on me. Fabric feels synthetic and uncomfortable.",1,0,13,General,Intimate,Dresses
1054,1060,20,Great Buy,This dress exceeded my expectations! Beautiful drape and wonderful structure.,5,1,11,General Petite,Intimate,Pants
1055,914,42,Disappointed,"Disappointing purchase. Cheap fabric, scratchy texture, and poor tailoring.",1,0,12,General Petite,Bottoms,Knits
1056,973,66,Great Buy,"The sweater is warm, soft, and stylish. Fits true to size and looks elegant.",5,1,13,General Petite,Tops,Blouses
1057,1124,26,Great Buy,One of my favorite purchases this season! Fits great and very versatile.,5,1,2,Initmates,Tops,Fine knit
1058,1169,68,Disappointed,Sizing is completely off. Ordered my usual size and couldn't even zip it.,1,0,12,General,Bottoms,Fine knit
1059,1079,51,Great Buy,Flattering cut and lovely fabric! Will definitely order in another color.,5,1,11,General,Tops,Fine knit
1060,969,66,Great Buy,"The sweater is warm, soft, and stylish. Fits true to size and looks elegant.",5,1,11,General Petite,Bottoms,Pants
1061,955,66,Disappointed,Sizing is completely off. Ordered my usual size and couldn't even zip it.,1,0,4,General Petite,Dresses,Dresses
1062,980,39,Disappointed,The color faded immediately and button fell off. Very bad construction.,1,0,5,General Petite,Dresses,Dresses
1063,1070,46,Great Buy,Soft material and nice design. Fits really well and fast shipping too.,5,1,0,General Petite,Bottoms,Knits
1064,1160,24,Great Buy,Very comfortable jeans with good stretch. Perfectly tailored for everyday wear.,5,1,1,Initmates,Tops,Fine knit
1065,933,39,Disappointed,"Disappointing purchase. Cheap fabric, scratchy texture, and poor tailoring.",1,0,14,Initmates,Dresses,Pants
1066,1092,40,Great Buy,Cute design but required ironing out of the bag. Average quality overall.,3,1,1,General Petite,Dresses,Fine knit
1067,902,62,Great Buy,I absolutely loved this dress! Fits perfectly and very comfortable to wear all day.,5,1,10,Initmates,Intimate,Knits
1068,933,19,Disappointed,The color faded immediately and button fell off. Very bad construction.,1,0,6,General,Tops,Dresses
1069,1103,24,Great Buy,Great quality fabric and beautiful fit. Got so many compliments at work.,5,1,3,Initmates,Intimate,Pants
1070,1104,23,Great Buy,Cute design but required ironing out of the bag. Average quality overall.,3,1,1,General Petite,Intimate,Knits
1071,969,54,Great Buy,Very comfortable jeans with good stretch. Perfectly tailored for everyday wear.,5,1,8,General Petite,Dresses,Pants
1072,981,55,Disappointed,Shrank completely after the first wash! Terrible quality for the price.,1,0,14,General,Tops,Knits
1073,1149,25,Disappointed,The color faded immediately and button fell off. Very bad construction.,1,0,14,Initmates,Jackets,Blouses
1074,977,19,Great Buy,I absolutely loved this dress! Fits perfectly and very comfortable to wear all day.,5,1,5,General,Intimate,Blouses
1075,1132,48,Disappointed,"Terrible material, feels cheap and fits horribly. Returning it immediately.",1,0,0,General,Tops,Dresses
1076,1152,57,Disappointed,"Disappointing purchase. Cheap fabric, scratchy texture, and poor tailoring.",1,0,13,Initmates,Tops,Knits
1077,1195,28,Disappointed,Shrank completely after the first wash! Terrible quality for the price.,1,0,11,Initmates,Jackets,Pants
1078,957,69,Disappointed,"Terrible material, feels cheap and fits horribly. Returning it immediately.",1,0,7,Initmates,Tops,Blouses
1079,903,18,Great Buy,Flattering cut and lovely fabric! Will definitely order in another color.,5,1,4,General Petite,Bottoms,Blouses
1080,811,59,Disappointed,"Disappointing purchase. Cheap fabric, scratchy texture, and poor tailoring.",1,0,0,General,Intimate,Knits
1081,862,24,Disappointed,"Terrible material, feels cheap and fits horribly. Returning it immediately.",1,0,8,General,Bottoms,Knits
1082,1144,32,Great Buy,Flattering cut and lovely fabric! Will definitely order in another color.,5,1,2,General,Jackets,Blouses
1083,1141,27,Great Buy,Soft material and nice design. Fits really well and fast shipping too.,5,1,1,General,Tops,Dresses
1084,1108,39,Disappointed,Shrank completely after the first wash! Terrible quality for the price.,1,0,14,General Petite,Tops,Fine knit
1085,1058,53,Disappointed,The color faded immediately and button fell off. Very bad construction.,1,0,8,Initmates,Intimate,Pants
1086,1063,21,Great Buy,Great quality fabric and beautiful fit. Got so many compliments at work.,5,1,11,General,Bottoms,Pants
1087,1058,69,Disappointed,Runs way too small and fabric is scratchy. Disappointed with the quality.,1,0,13,Initmates,Bottoms,Fine knit
1088,825,36,Disappointed,The color faded immediately and button fell off. Very bad construction.,1,0,2,General Petite,Dresses,Blouses
1089,880,58,Great Buy,"The sweater is warm, soft, and stylish. Fits true to size and looks elegant.",5,1,3,General,Jackets,Knits
1090,1192,25,Great Buy,Super cute top! The embroidery details are amazing and material feels premium.,5,1,8,General,Bottoms,Blouses
1091,912,22,Disappointed,"Disappointing purchase. Cheap fabric, scratchy texture, and poor tailoring.",1,0,8,General,Jackets,Blouses
1092,1079,42,Great Buy,"The sweater is warm, soft, and stylish. Fits true to size and looks elegant.",5,1,9,Initmates,Tops,Fine knit
1093,1112,21,Disappointed,The color faded immediately and button fell off. Very bad construction.,1,0,7,Initmates,Tops,Blouses
1094,1026,38,Great Buy,Cute design but required ironing out of the bag. Average quality overall.,3,1,5,General,Bottoms,Dresses
1095,818,60,Disappointed,Shrank completely after the first wash! Terrible quality for the price.,1,0,7,General,Tops,Knits
1096,838,69,Great Buy,"Okay top for everyday wear, but the color is slightly darker than pictured.",3,1,7,General Petite,Bottoms,Knits
1097,1085,37,Disappointed,The color faded immediately and button fell off. Very bad construction.,1,0,0,General,Tops,Pants
1098,1014,62,Great Buy,One of my favorite purchases this season! Fits great and very versatile.,5,1,10,General Petite,Bottoms,Knits
1099,853,56,Great Buy,One of my favorite purchases this season! Fits great and very versatile.,5,1,4,General,Intimate,Knits
1100,940,28,Great Buy,Soft material and nice design. Fits really well and fast shipping too.,5,1,0,General Petite,Bottoms,Fine knit
1101,943,29,Great Buy,Super cute top! The embroidery details are amazing and material feels premium.,5,1,10,General,Bottoms,Knits
1102,1107,31,Disappointed,Runs way too small and fabric is scratchy. Disappointed with the quality.,1,0,5,General Petite,Intimate,Fine knit
1103,1022,20,Great Buy,One of my favorite purchases this season! Fits great and very versatile.,5,1,0,General,Jackets,Pants
1104,1170,21,Disappointed,"Disappointing purchase. Cheap fabric, scratchy texture, and poor tailoring.",1,0,14,General,Jackets,Fine knit
1105,1151,49,Disappointed,"Awful fit, looks like a sack on me. Fabric feels synthetic and uncomfortable.",1,0,3,General Petite,Tops,Pants
1106,1000,22,Disappointed,"Disappointing purchase. Cheap fabric, scratchy texture, and poor tailoring.",1,0,12,Initmates,Bottoms,Blouses
1107,1170,55,Great Buy,"Okay top for everyday wear, but the color is slightly darker than pictured.",3,1,9,Initmates,Dresses,Fine knit
1108,1171,69,Great Buy,I absolutely loved this dress! Fits perfectly and very comfortable to wear all day.,5,1,0,General Petite,Dresses,Dresses
1109,1115,47,Disappointed,Shrank completely after the first wash! Terrible quality for the price.,1,0,5,General Petite,Bottoms,Knits
1110,906,56,Disappointed,"Disappointing purchase. Cheap fabric, scratchy texture, and poor tailoring.",1,0,8,Initmates,Intimate,Pants
1111,1071,31,Great Buy,Gorgeous color and wonderful material. Highly recommend buying this top!,5,1,5,General Petite,Tops,Blouses
1112,1028,54,Great Buy,One of my favorite purchases this season! Fits great and very versatile.,5,1,9,Initmates,Bottoms,Knits
1113,941,50,Great Buy,Cute design but required ironing out of the bag. Average quality overall.,3,1,11,General,Dresses,Knits
1114,1197,20,Disappointed,"Disappointing purchase. Cheap fabric, scratchy texture, and poor tailoring.",1,0,1,General,Tops,Knits
1115,1116,55,Great Buy,Gorgeous color and wonderful material. Highly recommend buying this top!,5,1,8,General Petite,Dresses,Blouses
1116,1049,24,Great Buy,One of my favorite purchases this season! Fits great and very versatile.,5,1,7,General,Intimate,Fine knit
1117,1074,50,Great Buy,This dress exceeded my expectations! Beautiful drape and wonderful structure.,5,1,14,Initmates,Bottoms,Pants
1118,1155,28,Disappointed,Runs way too small and fabric is scratchy. Disappointed with the quality.,1,0,8,General,Bottoms,Fine knit
1119,999,58,Disappointed,Sizing is completely off. Ordered my usual size and couldn't even zip it.,1,0,11,General Petite,Tops,Pants
1120,979,58,Disappointed,Poor stitching and completely see-through. Definitely not worth the price.,1,0,9,Initmates,Tops,Pants
1121,836,34,Great Buy,Great quality fabric and beautiful fit. Got so many compliments at work.,5,1,1,Initmates,Jackets,Pants
1122,875,27,Great Buy,This dress exceeded my expectations! Beautiful drape and wonderful structure.,5,1,6,Initmates,Tops,Dresses
1123,807,52,Disappointed,"Awful fit, looks like a sack on me. Fabric feels synthetic and uncomfortable.",1,0,11,General,Intimate,Dresses
1124,946,31,Great Buy,This dress exceeded my expectations! Beautiful drape and wonderful structure.,5,1,5,Initmates,Intimate,Fine knit
1125,912,55,Disappointed,Sizing is completely off. Ordered my usual size and couldn't even zip it.,1,0,14,General,Bottoms,Knits
1126,845,30,Great Buy,"The sweater is warm, soft, and stylish. Fits true to size and looks elegant.",5,1,14,Initmates,Bottoms,Blouses
1127,1173,62,Great Buy,Super cute top! The embroidery details are amazing and material feels premium.,5,1,10,Initmates,Bottoms,Knits
1128,1114,46,Disappointed,Shrank completely after the first wash! Terrible quality for the price.,1,0,8,General,Intimate,Fine knit
1129,979,54,Disappointed,"Terrible material, feels cheap and fits horribly. Returning it immediately.",1,0,8,General,Bottoms,Blouses
1130,1148,67,Disappointed,Item arrived with torn seams and looks completely different from the pictures.,1,0,12,Initmates,Dresses,Knits
1131,1117,33,Disappointed,"Disappointing purchase. Cheap fabric, scratchy texture, and poor tailoring.",1,0,13,Initmates,Tops,Dresses
1132,1104,67,Disappointed,Runs way too small and fabric is scratchy. Disappointed with the quality.,1,0,6,General,Intimate,Blouses
1133,1122,53,Great Buy,"Decent quality for the price, but runs slightly small around the waist.",3,1,0,General,Dresses,Blouses
1134,824,38,Disappointed,Way over-priced for such thin material. Doesn't look good at all.,1,0,12,General,Dresses,Blouses
1135,1134,27,Disappointed,Shrank completely after the first wash! Terrible quality for the price.,1,0,2,General,Tops,Knits
1136,1001,52,Great Buy,One of my favorite purchases this season! Fits great and very versatile.,5,1,13,Initmates,Bottoms,Pants
1137,1082,39,Disappointed,"Awful fit, looks like a sack on me. Fabric feels synthetic and uncomfortable.",1,0,1,General Petite,Bottoms,Blouses
1138,888,29,Disappointed,Way over-priced for such thin material. Doesn't look good at all.,1,0,12,Initmates,Bottoms,Pants
1139,1029,41,Great Buy,Gorgeous color and wonderful material. Highly recommend buying this top!,5,1,5,General Petite,Tops,Fine knit
1140,1127,63,Disappointed,"Terrible material, feels cheap and fits horribly. Returning it immediately.",1,0,7,General,Jackets,Fine knit
1141,852,21,Great Buy,This dress exceeded my expectations! Beautiful drape and wonderful structure.,5,1,9,General Petite,Jackets,Knits
1142,1013,32,Great Buy,"The sweater is warm, soft, and stylish. Fits true to size and looks elegant.",5,1,10,General,Jackets,Fine knit
1143,1127,31,Disappointed,"Terrible material, feels cheap and fits horribly. Returning it immediately.",1,0,14,General,Tops,Knits
1144,804,36,Disappointed,Item arrived with torn seams and looks completely different from the pictures.,1,0,8,General,Intimate,Knits
1145,880,18,Disappointed,Shrank completely after the first wash! Terrible quality for the price.,1,0,5,General Petite,Dresses,Pants
1146,1150,69,Disappointed,Item arrived with torn seams and looks completely different from the pictures.,1,0,3,General,Intimate,Dresses
1147,868,58,Great Buy,Flattering cut and lovely fabric! Will definitely order in another color.,5,1,8,General Petite,Intimate,Blouses
1148,815,41,Great Buy,"Okay top for everyday wear, but the color is slightly darker than pictured.",3,1,0,Initmates,Bottoms,Pants
1149,1082,52,Great Buy,This dress exceeded my expectations! Beautiful drape and wonderful structure.,5,1,2,Initmates,Intimate,Knits
1150,927,48,Great Buy,Very comfortable jeans with good stretch. Perfectly tailored for everyday wear.,5,1,13,General Petite,Intimate,Dresses
1151,1063,38,Disappointed,"Awful fit, looks like a sack on me. Fabric feels synthetic and uncomfortable.",1,0,13,Initmates,Bottoms,Fine knit
1152,937,63,Disappointed,"Awful fit, looks like a sack on me. Fabric feels synthetic and uncomfortable.",1,0,13,General Petite,Intimate,Fine knit
1153,852,40,Disappointed,"Disappointing purchase. Cheap fabric, scratchy texture, and poor tailoring.",1,0,11,General Petite,Jackets,Blouses
1154,862,35,Great Buy,Cute design but required ironing out of the bag. Average quality overall.,3,1,5,Initmates,Jackets,Dresses
1155,1118,64,Great Buy,Super cute top! The embroidery details are amazing and material feels premium.,5,1,6,Initmates,Intimate,Fine knit
1156,947,23,Disappointed,"Awful fit, looks like a sack on me. Fabric feels synthetic and uncomfortable.",1,0,13,Initmates,Jackets,Blouses
1157,936,45,Great Buy,"Decent quality for the price, but runs slightly small around the waist.",3,1,6,Initmates,Jackets,Pants
1158,908,24,Great Buy,Great quality fabric and beautiful fit. Got so many compliments at work.,5,1,9,Initmates,Intimate,Blouses
1159,1083,53,Great Buy,Great quality fabric and beautiful fit. Got so many compliments at work.,5,1,3,Initmates,Bottoms,Knits
1160,964,49,Disappointed,Way over-priced for such thin material. Doesn't look good at all.,1,0,11,General,Intimate,Dresses
1161,850,51,Great Buy,Soft material and nice design. Fits really well and fast shipping too.,5,1,7,Initmates,Dresses,Dresses
1162,947,42,Great Buy,"The sweater is warm, soft, and stylish. Fits true to size and looks elegant.",5,1,12,General Petite,Dresses,Fine knit
1163,1036,68,Great Buy,I absolutely loved this dress! Fits perfectly and very comfortable to wear all day.,5,1,13,General Petite,Jackets,Pants
1164,867,26,Great Buy,Cute design but required ironing out of the bag. Average quality overall.,3,1,0,Initmates,Jackets,Dresses
1165,1093,38,Disappointed,Shrank completely after the first wash! Terrible quality for the price.,1,0,3,General Petite,Bottoms,Fine knit
1166,1109,68,Great Buy,"Decent quality for the price, but runs slightly small around the waist.",3,1,10,General Petite,Dresses,Knits
1167,941,27,Disappointed,Item arrived with torn seams and looks completely different from the pictures.,1,0,12,General Petite,Tops,Fine knit
1168,931,49,Disappointed,Shrank completely after the first wash! Terrible quality for the price.,1,0,6,General,Intimate,Knits
1169,1043,67,Disappointed,Shrank completely after the first wash! Terrible quality for the price.,1,0,9,General,Jackets,Fine knit
1170,1025,47,Great Buy,Fair product for the price point. Fits okay but nothing exceptional.,3,1,13,Initmates,Intimate,Pants
1171,1172,48,Great Buy,One of my favorite purchases this season! Fits great and very versatile.,5,1,5,General Petite,Bottoms,Dresses
1172,1174,68,Great Buy,Soft material and nice design. Fits really well and fast shipping too.,5,1,13,Initmates,Tops,Blouses
1173,1052,19,Great Buy,Soft material and nice design. Fits really well and fast shipping too.,5,1,1,Initmates,Dresses,Dresses
1174,956,67,Disappointed,"Terrible material, feels cheap and fits horribly. Returning it immediately.",1,0,8,Initmates,Jackets,Blouses
1175,967,52,Great Buy,"Okay top for everyday wear, but the color is slightly darker than pictured.",3,1,0,General Petite,Jackets,Fine knit
1176,833,26,Disappointed,Shrank completely after the first wash! Terrible quality for the price.,1,0,9,General,Tops,Fine knit
1177,986,34,Great Buy,One of my favorite purchases this season! Fits great and very versatile.,5,1,5,General,Jackets,Pants
1178,982,62,Disappointed,Runs way too small and fabric is scratchy. Disappointed with the quality.,1,0,9,Initmates,Bottoms,Pants
1179,1038,44,Great Buy,Gorgeous color and wonderful material. Highly recommend buying this top!,5,1,6,Initmates,Bottoms,Pants
1180,920,33,Disappointed,Item arrived with torn seams and looks completely different from the pictures.,1,0,5,General Petite,Bottoms,Knits
1181,1181,65,Disappointed,Sizing is completely off. Ordered my usual size and couldn't even zip it.,1,0,2,Initmates,Intimate,Pants
1182,1081,18,Disappointed,Runs way too small and fabric is scratchy. Disappointed with the quality.,1,0,9,General,Intimate,Blouses
1183,1113,32,Great Buy,This dress exceeded my expectations! Beautiful drape and wonderful structure.,5,1,10,Initmates,Jackets,Pants
1184,1172,30,Great Buy,I absolutely loved this dress! Fits perfectly and very comfortable to wear all day.,5,1,4,General,Intimate,Dresses
1185,1022,64,Great Buy,This dress exceeded my expectations! Beautiful drape and wonderful structure.,5,1,0,General,Jackets,Dresses
1186,925,56,Great Buy,Flattering cut and lovely fabric! Will definitely order in another color.,5,1,1,General Petite,Tops,Pants
1187,1102,59,Great Buy,Great quality fabric and beautiful fit. Got so many compliments at work.,5,1,12,Initmates,Bottoms,Blouses
1188,841,23,Disappointed,Runs way too small and fabric is scratchy. Disappointed with the quality.,1,0,6,Initmates,Jackets,Blouses
1189,888,47,Disappointed,The color faded immediately and button fell off. Very bad construction.,1,0,13,General,Tops,Dresses
1190,976,34,Disappointed,Item arrived with torn seams and looks completely different from the pictures.,1,0,5,General Petite,Jackets,Knits
1191,1125,34,Disappointed,"Disappointing purchase. Cheap fabric, scratchy texture, and poor tailoring.",1,0,7,Initmates,Jackets,Knits
1192,891,51,Disappointed,"Awful fit, looks like a sack on me. Fabric feels synthetic and uncomfortable.",1,0,13,General,Tops,Knits
1193,874,18,Disappointed,Shrank completely after the first wash! Terrible quality for the price.,1,0,10,General,Jackets,Fine knit
1194,928,69,Great Buy,Soft material and nice design. Fits really well and fast shipping too.,5,1,5,General Petite,Intimate,Fine knit
1195,1063,41,Disappointed,Way over-priced for such thin material. Doesn't look good at all.,1,0,8,General,Jackets,Fine knit
1196,1084,20,Great Buy,Soft material and nice design. Fits really well and fast shipping too.,5,1,1,General,Intimate,Pants
1197,924,63,Disappointed,Sizing is completely off. Ordered my usual size and couldn't even zip it.,1,0,5,General Petite,Intimate,Blouses
1198,1024,28,Disappointed,"Awful fit, looks like a sack on me. Fabric feels synthetic and uncomfortable.",1,0,12,General,Intimate,Pants
1199,880,53,Disappointed,"Terrible material, feels cheap and fits horribly. Returning it immediately.",1,0,9,General,Jackets,Fine knit
1200,1017,38,Disappointed,Sizing is completely off. Ordered my usual size and couldn't even zip it.,1,0,6,Initmates,Tops,Fine knit
1201,1117,32,Disappointed,"Disappointing purchase. Cheap fabric, scratchy texture, and poor tailoring.",1,0,0,General,Bottoms,Blouses
1202,935,59,Disappointed,"Awful fit, looks like a sack on me. Fabric feels synthetic and uncomfortable.",1,0,1,Initmates,Tops,Fine knit
1203,1053,63,Disappointed,Runs way too small and fabric is scratchy. Disappointed with the quality.,1,0,14,General,Intimate,Knits
1204,927,41,Disappointed,Poor stitching and completely see-through. Definitely not worth the price.,1,0,8,General,Tops,Knits
1205,965,35,Disappointed,"Awful fit, looks like a sack on me. Fabric feels synthetic and uncomfortable.",1,0,8,General Petite,Intimate,Knits
1206,828,32,Disappointed,"Terrible material, feels cheap and fits horribly. Returning it immediately.",1,0,2,Initmates,Tops,Blouses
1207,961,39,Disappointed,"Terrible material, feels cheap and fits horribly. Returning it immediately.",1,0,1,General Petite,Jackets,Knits
1208,879,56,Great Buy,Flattering cut and lovely fabric! Will definitely order in another color.,5,1,12,Initmates,Jackets,Fine knit
1209,800,38,Great Buy,This dress exceeded my expectations! Beautiful drape and wonderful structure.,5,1,13,General,Tops,Knits
1210,907,40,Great Buy,Flattering cut and lovely fabric! Will definitely order in another color.,5,1,13,Initmates,Dresses,Fine knit
1211,1051,37,Great Buy,Flattering cut and lovely fabric! Will definitely order in another color.,5,1,6,General Petite,Tops,Knits
1212,990,64,Great Buy,Super cute top! The embroidery details are amazing and material feels premium.,5,1,4,General,Tops,Knits
1213,1104,60,Great Buy,Flattering cut and lovely fabric! Will definitely order in another color.,5,1,13,General Petite,Bottoms,Knits
1214,1079,29,Great Buy,Super cute top! The embroidery details are amazing and material feels premium.,5,1,9,Initmates,Bottoms,Dresses
1215,861,39,Great Buy,Very comfortable jeans with good stretch. Perfectly tailored for everyday wear.,5,1,4,General,Tops,Knits
1216,997,28,Disappointed,Runs way too small and fabric is scratchy. Disappointed with the quality.,1,0,14,Initmates,Tops,Knits
1217,856,20,Disappointed,Shrank completely after the first wash! Terrible quality for the price.,1,0,3,Initmates,Intimate,Blouses
1218,905,21,Disappointed,Way over-priced for such thin material. Doesn't look good at all.,1,0,5,General,Tops,Knits
1219,1145,26,Disappointed,"Terrible material, feels cheap and fits horribly. Returning it immediately.",1,0,4,Initmates,Bottoms,Fine knit
1220,1193,60,Great Buy,Super cute top! The embroidery details are amazing and material feels premium.,5,1,3,Initmates,Bottoms,Pants
1221,1166,67,Great Buy,Gorgeous color and wonderful material. Highly recommend buying this top!,5,1,12,Initmates,Tops,Pants
1222,991,31,Disappointed,Runs way too small and fabric is scratchy. Disappointed with the quality.,1,0,14,General,Jackets,Blouses
1223,1084,27,Disappointed,Poor stitching and completely see-through. Definitely not worth the price.,1,0,14,General,Dresses,Fine knit
1224,1132,69,Great Buy,Cute design but required ironing out of the bag. Average quality overall.,3,1,9,General,Tops,Blouses
1225,1097,29,Great Buy,Soft material and nice design. Fits really well and fast shipping too.,5,1,12,General,Tops,Blouses
1226,989,57,Great Buy,Very comfortable jeans with good stretch. Perfectly tailored for everyday wear.,5,1,14,General Petite,Bottoms,Knits
1227,1165,27,Disappointed,Shrank completely after the first wash! Terrible quality for the price.,1,0,0,General Petite,Jackets,Fine knit
1228,1020,45,Great Buy,Great quality fabric and beautiful fit. Got so many compliments at work.,5,1,1,General Petite,Jackets,Dresses
1229,1175,19,Great Buy,"Decent quality for the price, but runs slightly small around the waist.",3,1,8,General,Tops,Blouses
1230,1146,36,Disappointed,Way over-priced for such thin material. Doesn't look good at all.,1,0,8,General,Tops,Dresses
1231,827,31,Disappointed,Sizing is completely off. Ordered my usual size and couldn't even zip it.,1,0,1,Initmates,Bottoms,Knits
1232,801,21,Disappointed,The color faded immediately and button fell off. Very bad construction.,1,0,14,General Petite,Tops,Knits
1233,1051,57,Great Buy,Soft material and nice design. Fits really well and fast shipping too.,5,1,0,Initmates,Dresses,Dresses
1234,1176,55,Great Buy,Gorgeous color and wonderful material. Highly recommend buying this top!,5,1,0,Initmates,Intimate,Pants
1235,1159,31,Disappointed,Way over-priced for such thin material. Doesn't look good at all.,1,0,10,General,Bottoms,Fine knit
1236,902,55,Great Buy,Very comfortable jeans with good stretch. Perfectly tailored for everyday wear.,5,1,2,General Petite,Jackets,Pants
1237,967,44,Great Buy,Super cute top! The embroidery details are amazing and material feels premium.,5,1,0,Initmates,Dresses,Blouses
1238,955,25,Great Buy,I absolutely loved this dress! Fits perfectly and very comfortable to wear all day.,5,1,5,General,Dresses,Knits
1239,803,64,Great Buy,"Okay top for everyday wear, but the color is slightly darker than pictured.",3,1,3,Initmates,Dresses,Knits
1240,972,36,Great Buy,Soft material and nice design. Fits really well and fast shipping too.,5,1,4,General,Bottoms,Knits
1241,825,54,Great Buy,Great quality fabric and beautiful fit. Got so many compliments at work.,5,1,4,General Petite,Jackets,Fine knit
1242,938,45,Disappointed,"Disappointing purchase. Cheap fabric, scratchy texture, and poor tailoring.",1,0,7,General,Bottoms,Knits
1243,1157,31,Disappointed,Shrank completely after the first wash! Terrible quality for the price.,1,0,6,General Petite,Tops,Blouses
1244,1056,47,Disappointed,Sizing is completely off. Ordered my usual size and couldn't even zip it.,1,0,1,Initmates,Jackets,Fine knit
1245,1085,65,Great Buy,Very comfortable jeans with good stretch. Perfectly tailored for everyday wear.,5,1,11,General,Intimate,Pants
1246,962,39,Great Buy,Flattering cut and lovely fabric! Will definitely order in another color.,5,1,9,General Petite,Dresses,Blouses
1247,1190,64,Great Buy,This dress exceeded my expectations! Beautiful drape and wonderful structure.,5,1,6,General Petite,Dresses,Pants
1248,1060,47,Great Buy,Cute design but required ironing out of the bag. Average quality overall.,3,1,5,General Petite,Jackets,Knits
1249,1052,67,Disappointed,Way over-priced for such thin material. Doesn't look good at all.,1,0,9,General,Tops,Pants
1250,950,53,Great Buy,Flattering cut and lovely fabric! Will definitely order in another color.,5,1,3,General Petite,Intimate,Knits
1251,819,31,Great Buy,"Okay top for everyday wear, but the color is slightly darker than pictured.",3,1,14,General,Intimate,Fine knit
1252,1007,49,Great Buy,One of my favorite purchases this season! Fits great and very versatile.,5,1,13,Initmates,Intimate,Blouses
1253,953,60,Disappointed,"Disappointing purchase. Cheap fabric, scratchy texture, and poor tailoring.",1,0,0,General,Dresses,Knits
1254,951,61,Disappointed,Shrank completely after the first wash! Terrible quality for the price.,1,0,6,Initmates,Tops,Pants
1255,898,41,Great Buy,"Decent quality for the price, but runs slightly small around the waist.",3,1,7,Initmates,Jackets,Pants
1256,1058,22,Great Buy,"The sweater is warm, soft, and stylish. Fits true to size and looks elegant.",5,1,14,General Petite,Jackets,Fine knit
1257,1036,36,Great Buy,Soft material and nice design. Fits really well and fast shipping too.,5,1,0,Initmates,Dresses,Dresses
1258,887,48,Great Buy,Gorgeous color and wonderful material. Highly recommend buying this top!,5,1,6,Initmates,Bottoms,Dresses
1259,913,47,Great Buy,Very comfortable jeans with good stretch. Perfectly tailored for everyday wear.,5,1,4,General Petite,Jackets,Pants
1260,911,63,Great Buy,Flattering cut and lovely fabric! Will definitely order in another color.,5,1,7,Initmates,Bottoms,Knits
1261,803,62,Disappointed,The color faded immediately and button fell off. Very bad construction.,1,0,3,Initmates,Dresses,Knits
1262,837,48,Disappointed,Poor stitching and completely see-through. Definitely not worth the price.,1,0,1,Initmates,Dresses,Blouses
1263,1126,67,Great Buy,I absolutely loved this dress! Fits perfectly and very comfortable to wear all day.,5,1,9,Initmates,Intimate,Dresses
1264,1140,63,Disappointed,Poor stitching and completely see-through. Definitely not worth the price.,1,0,6,General Petite,Intimate,Dresses
1265,1143,38,Great Buy,"Okay top for everyday wear, but the color is slightly darker than pictured.",3,1,6,General,Intimate,Blouses
1266,944,50,Great Buy,One of my favorite purchases this season! Fits great and very versatile.,5,1,11,General Petite,Dresses,Blouses
1267,917,54,Disappointed,Poor stitching and completely see-through. Definitely not worth the price.,1,0,12,Initmates,Intimate,Fine knit
1268,1021,61,Great Buy,One of my favorite purchases this season! Fits great and very versatile.,5,1,10,General,Jackets,Pants
1269,983,33,Disappointed,Shrank completely after the first wash! Terrible quality for the price.,1,0,5,General,Tops,Dresses
1270,810,24,Disappointed,"Terrible material, feels cheap and fits horribly. Returning it immediately.",1,0,8,General,Intimate,Dresses
1271,1000,25,Great Buy,This dress exceeded my expectations! Beautiful drape and wonderful structure.,5,1,0,General,Tops,Knits
1272,832,56,Great Buy,Super cute top! The embroidery details are amazing and material feels premium.,5,1,4,General,Bottoms,Fine knit
1273,1025,31,Great Buy,"Decent quality for the price, but runs slightly small around the waist.",3,1,0,Initmates,Intimate,Blouses
1274,1088,57,Disappointed,Way over-priced for such thin material. Doesn't look good at all.,1,0,7,Initmates,Dresses,Dresses
1275,868,30,Great Buy,Super cute top! The embroidery details are amazing and material feels premium.,5,1,2,General Petite,Jackets,Fine knit
1276,866,35,Disappointed,Shrank completely after the first wash! Terrible quality for the price.,1,0,1,Initmates,Intimate,Pants
1277,985,40,Great Buy,Soft material and nice design. Fits really well and fast shipping too.,5,1,10,General,Intimate,Knits
1278,948,45,Disappointed,"Awful fit, looks like a sack on me. Fabric feels synthetic and uncomfortable.",1,0,0,General Petite,Jackets,Fine knit
1279,1172,67,Great Buy,Gorgeous color and wonderful material. Highly recommend buying this top!,5,1,8,General Petite,Bottoms,Fine knit
1280,903,29,Disappointed,The color faded immediately and button fell off. Very bad construction.,1,0,9,General Petite,Jackets,Knits
1281,917,36,Disappointed,Item arrived with torn seams and looks completely different from the pictures.,1,0,14,Initmates,Tops,Blouses
1282,1066,69,Disappointed,Runs way too small and fabric is scratchy. Disappointed with the quality.,1,0,13,General,Dresses,Blouses
1283,839,37,Great Buy,Fair product for the price point. Fits okay but nothing exceptional.,3,1,1,General Petite,Jackets,Dresses
1284,1017,21,Great Buy,Gorgeous color and wonderful material. Highly recommend buying this top!,5,1,9,General Petite,Dresses,Dresses
1285,1185,19,Great Buy,Great quality fabric and beautiful fit. Got so many compliments at work.,5,1,6,General Petite,Intimate,Pants
1286,1103,31,Great Buy,Very comfortable jeans with good stretch. Perfectly tailored for everyday wear.,5,1,9,General Petite,Tops,Fine knit
1287,800,62,Disappointed,Sizing is completely off. Ordered my usual size and couldn't even zip it.,1,0,3,Initmates,Dresses,Dresses
1288,1031,43,Disappointed,Way over-priced for such thin material. Doesn't look good at all.,1,0,1,Initmates,Jackets,Pants
1289,1037,20,Great Buy,I absolutely loved this dress! Fits perfectly and very comfortable to wear all day.,5,1,7,General,Intimate,Fine knit
1290,1087,52,Great Buy,Gorgeous color and wonderful material. Highly recommend buying this top!,5,1,7,General,Tops,Pants
1291,944,64,Great Buy,"The sweater is warm, soft, and stylish. Fits true to size and looks elegant.",5,1,4,General Petite,Bottoms,Fine knit
1292,1094,49,Great Buy,This dress exceeded my expectations! Beautiful drape and wonderful structure.,5,1,11,Initmates,Intimate,Knits
1293,950,21,Disappointed,Poor stitching and completely see-through. Definitely not worth the price.,1,0,7,General,Intimate,Knits
1294,1098,51,Disappointed,Sizing is completely off. Ordered my usual size and couldn't even zip it.,1,0,6,General Petite,Intimate,Knits
1295,1028,32,Disappointed,Item arrived with torn seams and looks completely different from the pictures.,1,0,1,Initmates,Dresses,Fine knit
1296,1011,21,Disappointed,Poor stitching and completely see-through. Definitely not worth the price.,1,0,11,General,Jackets,Fine knit
1297,1025,50,Great Buy,"Decent quality for the price, but runs slightly small around the waist.",3,1,9,Initmates,Tops,Knits
1298,852,43,Great Buy,"The sweater is warm, soft, and stylish. Fits true to size and looks elegant.",5,1,6,Initmates,Jackets,Blouses
1299,824,38,Disappointed,"Disappointing purchase. Cheap fabric, scratchy texture, and poor tailoring.",1,0,10,General Petite,Tops,Blouses
1300,1168,41,Disappointed,"Terrible material, feels cheap and fits horribly. Returning it immediately.",1,0,11,Initmates,Dresses,Pants
1301,889,25,Disappointed,Runs way too small and fabric is scratchy. Disappointed with the quality.,1,0,9,Initmates,Tops,Knits
1302,838,61,Great Buy,Fair product for the price point. Fits okay but nothing exceptional.,3,1,5,Initmates,Dresses,Fine knit
1303,1051,51,Great Buy,Very comfortable jeans with good stretch. Perfectly tailored for everyday wear.,5,1,13,General,Jackets,Knits
1304,907,52,Great Buy,Cute design but required ironing out of the bag. Average quality overall.,3,1,3,General,Tops,Blouses
1305,1170,67,Disappointed,The color faded immediately and button fell off. Very bad construction.,1,0,11,General Petite,Intimate,Fine knit
1306,1151,63,Great Buy,"The sweater is warm, soft, and stylish. Fits true to size and looks elegant.",5,1,7,General,Jackets,Pants
1307,1155,34,Disappointed,Way over-priced for such thin material. Doesn't look good at all.,1,0,2,General,Tops,Dresses
1308,930,64,Disappointed,Runs way too small and fabric is scratchy. Disappointed with the quality.,1,0,7,Initmates,Tops,Blouses
1309,968,25,Great Buy,"Material is fine, but the sleeves are a bit longer than expected.",3,1,2,Initmates,Intimate,Pants
1310,1055,47,Great Buy,One of my favorite purchases this season! Fits great and very versatile.,5,1,13,General,Jackets,Fine knit
1311,1063,22,Great Buy,I absolutely loved this dress! Fits perfectly and very comfortable to wear all day.,5,1,10,General,Dresses,Dresses
1312,1145,32,Great Buy,"The sweater is warm, soft, and stylish. Fits true to size and looks elegant.",5,1,6,Initmates,Dresses,Blouses
1313,814,64,Disappointed,Runs way too small and fabric is scratchy. Disappointed with the quality.,1,0,14,Initmates,Intimate,Dresses
1314,1093,48,Disappointed,Shrank completely after the first wash! Terrible quality for the price.,1,0,3,Initmates,Jackets,Fine knit
1315,992,63,Disappointed,"Awful fit, looks like a sack on me. Fabric feels synthetic and uncomfortable.",1,0,14,Initmates,Tops,Fine knit
1316,891,64,Disappointed,"Terrible material, feels cheap and fits horribly. Returning it immediately.",1,0,3,General,Jackets,Blouses
1317,928,64,Great Buy,This dress exceeded my expectations! Beautiful drape and wonderful structure.,5,1,7,General,Jackets,Pants
1318,978,28,Great Buy,One of my favorite purchases this season! Fits great and very versatile.,5,1,14,Initmates,Bottoms,Knits
1319,1066,42,Disappointed,Poor stitching and completely see-through. Definitely not worth the price.,1,0,13,General Petite,Jackets,Knits
1320,1064,53,Disappointed,Way over-priced for such thin material. Doesn't look good at all.,1,0,0,General Petite,Intimate,Fine knit
1321,1173,40,Disappointed,Poor stitching and completely see-through. Definitely not worth the price.,1,0,5,General Petite,Jackets,Blouses
1322,984,58,Great Buy,Great quality fabric and beautiful fit. Got so many compliments at work.,5,1,12,General,Dresses,Pants
1323,1083,21,Great Buy,"The sweater is warm, soft, and stylish. Fits true to size and looks elegant.",5,1,10,General,Jackets,Dresses
1324,848,32,Disappointed,"Terrible material, feels cheap and fits horribly. Returning it immediately.",1,0,0,General Petite,Tops,Blouses
1325,902,42,Great Buy,Cute design but required ironing out of the bag. Average quality overall.,3,1,6,General Petite,Bottoms,Blouses
1326,804,68,Disappointed,"Terrible material, feels cheap and fits horribly. Returning it immediately.",1,0,14,Initmates,Tops,Knits
1327,996,33,Great Buy,I absolutely loved this dress! Fits perfectly and very comfortable to wear all day.,5,1,3,General,Intimate,Blouses
1328,1178,44,Great Buy,Very comfortable jeans with good stretch. Perfectly tailored for everyday wear.,5,1,11,General Petite,Intimate,Pants
1329,963,50,Great Buy,I absolutely loved this dress! Fits perfectly and very comfortable to wear all day.,5,1,2,Initmates,Tops,Knits
1330,1125,32,Disappointed,Poor stitching and completely see-through. Definitely not worth the price.,1,0,3,Initmates,Bottoms,Fine knit
1331,1001,62,Disappointed,"Terrible material, feels cheap and fits horribly. Returning it immediately.",1,0,0,Initmates,Bottoms,Knits
1332,840,61,Great Buy,One of my favorite purchases this season! Fits great and very versatile.,5,1,6,Initmates,Tops,Dresses
1333,1197,59,Great Buy,Very comfortable jeans with good stretch. Perfectly tailored for everyday wear.,5,1,2,General Petite,Intimate,Fine knit
1334,1175,25,Great Buy,"Okay top for everyday wear, but the color is slightly darker than pictured.",3,1,8,Initmates,Bottoms,Knits
1335,1022,42,Great Buy,Super cute top! The embroidery details are amazing and material feels premium.,5,1,4,General,Intimate,Dresses
1336,898,19,Great Buy,One of my favorite purchases this season! Fits great and very versatile.,5,1,0,General Petite,Jackets,Pants
1337,1151,39,Great Buy,Soft material and nice design. Fits really well and fast shipping too.,5,1,4,General,Jackets,Knits
1338,985,62,Great Buy,Super cute top! The embroidery details are amazing and material feels premium.,5,1,9,Initmates,Jackets,Pants
1339,969,27,Disappointed,Shrank completely after the first wash! Terrible quality for the price.,1,0,2,Initmates,Intimate,Knits
1340,996,55,Disappointed,Runs way too small and fabric is scratchy. Disappointed with the quality.,1,0,12,Initmates,Jackets,Pants
1341,1028,31,Disappointed,The color faded immediately and button fell off. Very bad construction.,1,0,12,General Petite,Jackets,Knits
1342,820,24,Great Buy,Very comfortable jeans with good stretch. Perfectly tailored for everyday wear.,5,1,6,Initmates,Dresses,Fine knit
1343,1095,27,Disappointed,Runs way too small and fabric is scratchy. Disappointed with the quality.,1,0,2,Initmates,Jackets,Pants
1344,1162,22,Disappointed,Poor stitching and completely see-through. Definitely not worth the price.,1,0,1,General,Dresses,Pants
1345,1105,52,Disappointed,The color faded immediately and button fell off. Very bad construction.,1,0,8,Initmates,Intimate,Blouses
1346,1156,52,Great Buy,"The sweater is warm, soft, and stylish. Fits true to size and looks elegant.",5,1,14,General Petite,Dresses,Knits
1347,1131,22,Disappointed,Way over-priced for such thin material. Doesn't look good at all.,1,0,14,General Petite,Jackets,Dresses
1348,1162,40,Great Buy,Cute design but required ironing out of the bag. Average quality overall.,3,1,8,General Petite,Tops,Fine knit
1349,871,44,Great Buy,Flattering cut and lovely fabric! Will definitely order in another color.,5,1,12,Initmates,Tops,Knits
1350,1072,53,Disappointed,Item arrived with torn seams and looks completely different from the pictures.,1,0,3,General Petite,Bottoms,Knits
1351,971,63,Disappointed,Shrank completely after the first wash! Terrible quality for the price.,1,0,3,General,Tops,Fine knit
1352,947,28,Great Buy,"The sweater is warm, soft, and stylish. Fits true to size and looks elegant.",5,1,13,General Petite,Tops,Pants
1353,987,60,Disappointed,"Awful fit, looks like a sack on me. Fabric feels synthetic and uncomfortable.",1,0,5,General Petite,Intimate,Pants
1354,1101,51,Great Buy,"Material is fine, but the sleeves are a bit longer than expected.",3,1,12,General Petite,Jackets,Dresses
1355,1141,41,Great Buy,"The sweater is warm, soft, and stylish. Fits true to size and looks elegant.",5,1,5,Initmates,Jackets,Knits
1356,838,49,Disappointed,Runs way too small and fabric is scratchy. Disappointed with the quality.,1,0,6,General,Intimate,Dresses
1357,825,63,Disappointed,Sizing is completely off. Ordered my usual size and couldn't even zip it.,1,0,4,Initmates,Tops,Knits
1358,850,18,Disappointed,Sizing is completely off. Ordered my usual size and couldn't even zip it.,1,0,0,General Petite,Tops,Knits
1359,958,43,Great Buy,"Material is fine, but the sleeves are a bit longer than expected.",3,1,2,Initmates,Tops,Fine knit
1360,960,52,Great Buy,Flattering cut and lovely fabric! Will definitely order in another color.,5,1,6,Initmates,Intimate,Blouses
1361,1110,48,Disappointed,Runs way too small and fabric is scratchy. Disappointed with the quality.,1,0,14,General,Jackets,Knits
1362,898,48,Great Buy,"The sweater is warm, soft, and stylish. Fits true to size and looks elegant.",5,1,14,General Petite,Dresses,Fine knit
1363,841,46,Great Buy,One of my favorite purchases this season! Fits great and very versatile.,5,1,5,General Petite,Dresses,Dresses
1364,1012,61,Disappointed,"Disappointing purchase. Cheap fabric, scratchy texture, and poor tailoring.",1,0,10,General Petite,Dresses,Blouses
1365,956,25,Disappointed,Item arrived with torn seams and looks completely different from the pictures.,1,0,8,Initmates,Bottoms,Knits
1366,1052,23,Great Buy,Flattering cut and lovely fabric! Will definitely order in another color.,5,1,8,General,Tops,Pants
1367,1187,51,Great Buy,I absolutely loved this dress! Fits perfectly and very comfortable to wear all day.,5,1,8,General,Intimate,Pants
1368,1014,42,Great Buy,"Decent quality for the price, but runs slightly small around the waist.",3,1,8,Initmates,Dresses,Dresses
1369,857,41,Great Buy,Very comfortable jeans with good stretch. Perfectly tailored for everyday wear.,5,1,7,Initmates,Intimate,Fine knit
1370,884,38,Disappointed,Item arrived with torn seams and looks completely different from the pictures.,1,0,12,Initmates,Bottoms,Knits
1371,1118,42,Disappointed,Shrank completely after the first wash! Terrible quality for the price.,1,0,12,Initmates,Dresses,Dresses
1372,978,25,Disappointed,The color faded immediately and button fell off. Very bad construction.,1,0,13,General,Bottoms,Knits
1373,905,49,Great Buy,I absolutely loved this dress! Fits perfectly and very comfortable to wear all day.,5,1,0,Initmates,Bottoms,Pants
1374,1006,69,Disappointed,Poor stitching and completely see-through. Definitely not worth the price.,1,0,3,General Petite,Intimate,Fine knit
1375,980,18,Great Buy,"The sweater is warm, soft, and stylish. Fits true to size and looks elegant.",5,1,13,General,Dresses,Blouses
1376,950,22,Great Buy,One of my favorite purchases this season! Fits great and very versatile.,5,1,12,General Petite,Tops,Fine knit
1377,885,50,Great Buy,Gorgeous color and wonderful material. Highly recommend buying this top!,5,1,5,Initmates,Dresses,Pants
1378,1109,37,Great Buy,I absolutely loved this dress! Fits perfectly and very comfortable to wear all day.,5,1,12,General,Tops,Pants
1379,1057,48,Great Buy,One of my favorite purchases this season! Fits great and very versatile.,5,1,12,General,Dresses,Knits
1380,1138,42,Great Buy,Flattering cut and lovely fabric! Will definitely order in another color.,5,1,3,General,Intimate,Fine knit
1381,1070,34,Great Buy,Super cute top! The embroidery details are amazing and material feels premium.,5,1,10,General,Intimate,Blouses
1382,852,42,Disappointed,Runs way too small and fabric is scratchy. Disappointed with the quality.,1,0,11,General,Intimate,Fine knit
1383,822,50,Disappointed,Sizing is completely off. Ordered my usual size and couldn't even zip it.,1,0,1,General,Dresses,Blouses
1384,897,26,Great Buy,"Material is fine, but the sleeves are a bit longer than expected.",3,1,7,General,Jackets,Pants
1385,1045,60,Great Buy,This dress exceeded my expectations! Beautiful drape and wonderful structure.,5,1,5,General Petite,Intimate,Dresses
1386,1187,37,Disappointed,"Terrible material, feels cheap and fits horribly. Returning it immediately.",1,0,10,Initmates,Dresses,Blouses
1387,1022,18,Great Buy,This dress exceeded my expectations! Beautiful drape and wonderful structure.,5,1,8,Initmates,Bottoms,Fine knit
1388,1071,25,Great Buy,Soft material and nice design. Fits really well and fast shipping too.,5,1,8,Initmates,Tops,Knits
1389,805,25,Disappointed,Runs way too small and fabric is scratchy. Disappointed with the quality.,1,0,4,General,Jackets,Blouses
1390,804,60,Disappointed,Way over-priced for such thin material. Doesn't look good at all.,1,0,5,General Petite,Jackets,Dresses
1391,922,20,Great Buy,Super cute top! The embroidery details are amazing and material feels premium.,5,1,2,General Petite,Intimate,Fine knit
1392,1035,33,Disappointed,Sizing is completely off. Ordered my usual size and couldn't even zip it.,1,0,1,General,Bottoms,Blouses
1393,834,46,Great Buy,Flattering cut and lovely fabric! Will definitely order in another color.,5,1,1,General Petite,Dresses,Knits
1394,921,66,Great Buy,One of my favorite purchases this season! Fits great and very versatile.,5,1,10,Initmates,Jackets,Pants
1395,1030,67,Great Buy,Flattering cut and lovely fabric! Will definitely order in another color.,5,1,8,General Petite,Jackets,Fine knit
1396,860,54,Disappointed,Poor stitching and completely see-through. Definitely not worth the price.,1,0,6,General,Dresses,Dresses
1397,1178,59,Disappointed,Item arrived with torn seams and looks completely different from the pictures.,1,0,10,General Petite,Tops,Fine knit
1398,960,53,Disappointed,Poor stitching and completely see-through. Definitely not worth the price.,1,0,0,Initmates,Bottoms,Dresses
1399,986,33,Great Buy,Super cute top! The embroidery details are amazing and material feels premium.,5,1,1,General Petite,Jackets,Knits
1400,935,35,Great Buy,Super cute top! The embroidery details are amazing and material feels premium.,5,1,8,Initmates,Dresses,Blouses
1401,960,23,Disappointed,The color faded immediately and button fell off. Very bad construction.,1,0,5,General Petite,Bottoms,Fine knit
1402,1196,38,Great Buy,One of my favorite purchases this season! Fits great and very versatile.,5,1,6,Initmates,Dresses,Fine knit
1403,1061,52,Great Buy,"Material is fine, but the sleeves are a bit longer than expected.",3,1,10,Initmates,Tops,Fine knit
1404,949,47,Great Buy,This dress exceeded my expectations! Beautiful drape and wonderful structure.,5,1,8,Initmates,Tops,Blouses
1405,861,23,Great Buy,This dress exceeded my expectations! Beautiful drape and wonderful structure.,5,1,6,Initmates,Tops,Pants
1406,817,66,Disappointed,The color faded immediately and button fell off. Very bad construction.,1,0,1,General Petite,Intimate,Dresses
1407,854,34,Disappointed,Way over-priced for such thin material. Doesn't look good at all.,1,0,8,Initmates,Tops,Fine knit
1408,975,58,Great Buy,Fair product for the price point. Fits okay but nothing exceptional.,3,1,7,General Petite,Jackets,Dresses
1409,892,19,Disappointed,Sizing is completely off. Ordered my usual size and couldn't even zip it.,1,0,8,General Petite,Tops,Blouses
1410,1185,39,Disappointed,"Terrible material, feels cheap and fits horribly. Returning it immediately.",1,0,12,General,Dresses,Knits
1411,975,19,Great Buy,Cute design but required ironing out of the bag. Average quality overall.,3,1,7,General,Dresses,Fine knit
1412,1184,48,Great Buy,I absolutely loved this dress! Fits perfectly and very comfortable to wear all day.,5,1,9,General Petite,Dresses,Dresses
1413,1148,57,Disappointed,Way over-priced for such thin material. Doesn't look good at all.,1,0,0,General Petite,Tops,Pants
1414,1038,18,Disappointed,Runs way too small and fabric is scratchy. Disappointed with the quality.,1,0,5,Initmates,Bottoms,Knits
1415,824,52,Great Buy,"Decent quality for the price, but runs slightly small around the waist.",3,1,4,General Petite,Tops,Fine knit
1416,997,49,Disappointed,"Disappointing purchase. Cheap fabric, scratchy texture, and poor tailoring.",1,0,2,Initmates,Jackets,Knits
1417,1023,68,Great Buy,Very comfortable jeans with good stretch. Perfectly tailored for everyday wear.,5,1,0,General,Dresses,Pants
1418,907,28,Great Buy,I absolutely loved this dress! Fits perfectly and very comfortable to wear all day.,5,1,5,Initmates,Bottoms,Knits
1419,951,45,Great Buy,Gorgeous color and wonderful material. Highly recommend buying this top!,5,1,0,General,Tops,Dresses
1420,847,50,Great Buy,Very comfortable jeans with good stretch. Perfectly tailored for everyday wear.,5,1,4,General,Intimate,Fine knit
1421,1049,23,Disappointed,"Terrible material, feels cheap and fits horribly. Returning it immediately.",1,0,7,General,Intimate,Pants
1422,816,25,Disappointed,Item arrived with torn seams and looks completely different from the pictures.,1,0,4,General Petite,Dresses,Pants
1423,1058,53,Great Buy,"Decent quality for the price, but runs slightly small around the waist.",3,1,12,General,Dresses,Dresses
1424,1152,51,Great Buy,Fair product for the price point. Fits okay but nothing exceptional.,3,1,11,General,Intimate,Blouses
1425,893,30,Great Buy,This dress exceeded my expectations! Beautiful drape and wonderful structure.,5,1,0,Initmates,Dresses,Fine knit
1426,1146,54,Great Buy,Cute design but required ironing out of the bag. Average quality overall.,3,1,8,General,Intimate,Dresses
1427,917,52,Disappointed,Way over-priced for such thin material. Doesn't look good at all.,1,0,10,General,Intimate,Dresses
1428,1074,51,Great Buy,Very comfortable jeans with good stretch. Perfectly tailored for everyday wear.,5,1,3,Initmates,Bottoms,Blouses
1429,895,20,Great Buy,This dress exceeded my expectations! Beautiful drape and wonderful structure.,5,1,11,General Petite,Jackets,Fine knit
1430,1195,39,Disappointed,Item arrived with torn seams and looks completely different from the pictures.,1,0,9,General,Bottoms,Pants
1431,995,41,Disappointed,Shrank completely after the first wash! Terrible quality for the price.,1,0,6,General,Tops,Knits
1432,930,60,Great Buy,Very comfortable jeans with good stretch. Perfectly tailored for everyday wear.,5,1,8,Initmates,Bottoms,Blouses
1433,861,22,Disappointed,Runs way too small and fabric is scratchy. Disappointed with the quality.,1,0,5,Initmates,Bottoms,Knits
1434,913,66,Great Buy,"Okay top for everyday wear, but the color is slightly darker than pictured.",3,1,0,General,Dresses,Pants
1435,1079,32,Great Buy,Very comfortable jeans with good stretch. Perfectly tailored for everyday wear.,5,1,9,General,Tops,Fine knit
1436,921,30,Great Buy,Soft material and nice design. Fits really well and fast shipping too.,5,1,7,General Petite,Bottoms,Fine knit
1437,1092,39,Disappointed,The color faded immediately and button fell off. Very bad construction.,1,0,1,Initmates,Bottoms,Blouses
1438,910,46,Disappointed,Way over-priced for such thin material. Doesn't look good at all.,1,0,2,General Petite,Tops,Knits
1439,929,37,Disappointed,Poor stitching and completely see-through. Definitely not worth the price.,1,0,2,General,Tops,Knits
1440,1118,57,Disappointed,Way over-priced for such thin material. Doesn't look good at all.,1,0,7,General,Bottoms,Pants
1441,998,29,Great Buy,"Material is fine, but the sleeves are a bit longer than expected.",3,1,3,General Petite,Bottoms,Fine knit
1442,1145,36,Great Buy,"The sweater is warm, soft, and stylish. Fits true to size and looks elegant.",5,1,9,General,Intimate,Fine knit
1443,1164,20,Great Buy,This dress exceeded my expectations! Beautiful drape and wonderful structure.,5,1,4,General,Dresses,Dresses
1444,874,66,Disappointed,Sizing is completely off. Ordered my usual size and couldn't even zip it.,1,0,9,General Petite,Dresses,Blouses
1445,912,47,Great Buy,Super cute top! The embroidery details are amazing and material feels premium.,5,1,6,General,Jackets,Dresses
1446,1113,29,Great Buy,Very comfortable jeans with good stretch. Perfectly tailored for everyday wear.,5,1,11,General,Tops,Dresses
1447,1049,62,Disappointed,"Awful fit, looks like a sack on me. Fabric feels synthetic and uncomfortable.",1,0,5,Initmates,Intimate,Dresses
1448,862,68,Great Buy,This dress exceeded my expectations! Beautiful drape and wonderful structure.,5,1,1,Initmates,Jackets,Fine knit
1449,994,26,Great Buy,Cute design but required ironing out of the bag. Average quality overall.,3,1,8,Initmates,Jackets,Pants
1450,891,47,Disappointed,"Disappointing purchase. Cheap fabric, scratchy texture, and poor tailoring.",1,0,11,General Petite,Tops,Pants
1451,853,43,Great Buy,One of my favorite purchases this season! Fits great and very versatile.,5,1,5,Initmates,Jackets,Knits
1452,974,48,Great Buy,This dress exceeded my expectations! Beautiful drape and wonderful structure.,5,1,14,General Petite,Intimate,Knits
1453,800,21,Great Buy,One of my favorite purchases this season! Fits great and very versatile.,5,1,9,Initmates,Dresses,Pants
1454,803,39,Disappointed,Shrank completely after the first wash! Terrible quality for the price.,1,0,11,Initmates,Dresses,Knits
1455,964,31,Disappointed,"Disappointing purchase. Cheap fabric, scratchy texture, and poor tailoring.",1,0,4,General,Bottoms,Dresses
1456,923,46,Great Buy,One of my favorite purchases this season! Fits great and very versatile.,5,1,10,General Petite,Intimate,Blouses
1457,868,59,Disappointed,Sizing is completely off. Ordered my usual size and couldn't even zip it.,1,0,8,General,Tops,Blouses
1458,1115,39,Great Buy,"Material is fine, but the sleeves are a bit longer than expected.",3,1,4,Initmates,Jackets,Blouses
1459,1120,53,Great Buy,This dress exceeded my expectations! Beautiful drape and wonderful structure.,5,1,5,Initmates,Dresses,Pants
1460,1158,61,Great Buy,Fair product for the price point. Fits okay but nothing exceptional.,3,1,6,General Petite,Tops,Dresses
1461,1166,48,Great Buy,One of my favorite purchases this season! Fits great and very versatile.,5,1,6,General,Bottoms,Knits
1462,860,58,Disappointed,The color faded immediately and button fell off. Very bad construction.,1,0,2,General,Tops,Blouses
1463,1123,61,Disappointed,"Disappointing purchase. Cheap fabric, scratchy texture, and poor tailoring.",1,0,6,General Petite,Intimate,Blouses
1464,841,66,Disappointed,"Disappointing purchase. Cheap fabric, scratchy texture, and poor tailoring.",1,0,0,Initmates,Jackets,Blouses
1465,881,38,Disappointed,Shrank completely after the first wash! Terrible quality for the price.,1,0,3,General,Bottoms,Blouses
1466,1108,27,Disappointed,"Awful fit, looks like a sack on me. Fabric feels synthetic and uncomfortable.",1,0,7,General,Jackets,Dresses
1467,816,39,Disappointed,"Terrible material, feels cheap and fits horribly. Returning it immediately.",1,0,10,General Petite,Jackets,Blouses
1468,1068,38,Great Buy,"Decent quality for the price, but runs slightly small around the waist.",3,1,10,Initmates,Jackets,Blouses
1469,1088,62,Disappointed,"Terrible material, feels cheap and fits horribly. Returning it immediately.",1,0,13,General Petite,Intimate,Knits
1470,1030,41,Great Buy,I absolutely loved this dress! Fits perfectly and very comfortable to wear all day.,5,1,3,General Petite,Tops,Fine knit
1471,855,21,Disappointed,The color faded immediately and button fell off. Very bad construction.,1,0,10,General,Jackets,Knits
1472,910,38,Disappointed,The color faded immediately and button fell off. Very bad construction.,1,0,0,General,Dresses,Dresses
1473,805,29,Disappointed,Poor stitching and completely see-through. Definitely not worth the price.,1,0,11,Initmates,Jackets,Blouses
1474,1094,45,Disappointed,"Disappointing purchase. Cheap fabric, scratchy texture, and poor tailoring.",1,0,3,General,Jackets,Dresses
1475,897,19,Disappointed,Sizing is completely off. Ordered my usual size and couldn't even zip it.,1,0,1,Initmates,Bottoms,Fine knit
1476,1135,29,Disappointed,Item arrived with torn seams and looks completely different from the pictures.,1,0,13,Initmates,Bottoms,Dresses
1477,862,44,Great Buy,Great quality fabric and beautiful fit. Got so many compliments at work.,5,1,9,General Petite,Tops,Blouses
1478,984,28,Great Buy,"Material is fine, but the sleeves are a bit longer than expected.",3,1,13,Initmates,Dresses,Fine knit
1479,953,23,Great Buy,One of my favorite purchases this season! Fits great and very versatile.,5,1,2,General Petite,Bottoms,Fine knit
1480,1095,57,Disappointed,Shrank completely after the first wash! Terrible quality for the price.,1,0,3,General Petite,Jackets,Knits
1481,1115,51,Disappointed,"Terrible material, feels cheap and fits horribly. Returning it immediately.",1,0,10,General,Intimate,Dresses
1482,1109,43,Disappointed,Runs way too small and fabric is scratchy. Disappointed with the quality.,1,0,0,General Petite,Dresses,Knits
1483,864,56,Great Buy,"The sweater is warm, soft, and stylish. Fits true to size and looks elegant.",5,1,0,General,Jackets,Dresses
1484,1023,66,Disappointed,Shrank completely after the first wash! Terrible quality for the price.,1,0,6,General,Dresses,Blouses
1485,1014,54,Disappointed,Item arrived with torn seams and looks completely different from the pictures.,1,0,12,General,Jackets,Fine knit
1486,995,53,Great Buy,Very comfortable jeans with good stretch. Perfectly tailored for everyday wear.,5,1,4,Initmates,Jackets,Blouses
1487,1081,33,Disappointed,Runs way too small and fabric is scratchy. Disappointed with the quality.,1,0,14,Initmates,Dresses,Blouses
1488,1028,39,Disappointed,Item arrived with torn seams and looks completely different from the pictures.,1,0,0,General,Tops,Fine knit
1489,813,47,Great Buy,"The sweater is warm, soft, and stylish. Fits true to size and looks elegant.",5,1,4,General Petite,Tops,Knits
1490,978,32,Great Buy,Gorgeous color and wonderful material. Highly recommend buying this top!,5,1,10,General,Bottoms,Knits
1491,1072,29,Great Buy,"The sweater is warm, soft, and stylish. Fits true to size and looks elegant.",5,1,5,General Petite,Intimate,Pants
1492,904,55,Great Buy,Cute design but required ironing out of the bag. Average quality overall.,3,1,0,Initmates,Bottoms,Blouses
1493,1114,63,Great Buy,This dress exceeded my expectations! Beautiful drape and wonderful structure.,5,1,11,General,Dresses,Dresses
1494,1172,50,Great Buy,"Okay top for everyday wear, but the color is slightly darker than pictured.",3,1,9,General Petite,Bottoms,Blouses
1495,893,57,Disappointed,Runs way too small and fabric is scratchy. Disappointed with the quality.,1,0,13,General Petite,Bottoms,Dresses
1496,1110,20,Great Buy,Cute design but required ironing out of the bag. Average quality overall.,3,1,10,General Petite,Dresses,Knits
1497,921,60,Great Buy,Soft material and nice design. Fits really well and fast shipping too.,5,1,6,General,Dresses,Dresses
1498,1193,65,Disappointed,"Awful fit, looks like a sack on me. Fabric feels synthetic and uncomfortable.",1,0,2,Initmates,Dresses,Pants
1499,1100,46,Great Buy,"Okay top for everyday wear, but the color is slightly darker than pictured.",3,1,6,General,Bottoms,Knits
1500,835,25,Disappointed,"Terrible material, feels cheap and fits horribly. Returning it immediately.",1,0,3,General,Jackets,Knits
1501,852,60,Great Buy,Great quality fabric and beautiful fit. Got so many compliments at work.,5,1,10,General,Tops,Pants
1502,1194,58,Great Buy,"The sweater is warm, soft, and stylish. Fits true to size and looks elegant.",5,1,1,General Petite,Tops,Fine knit
1503,862,65,Disappointed,Sizing is completely off. Ordered my usual size and couldn't even zip it.,1,0,1,General,Bottoms,Pants
1504,1129,63,Disappointed,The color faded immediately and button fell off. Very bad construction.,1,0,5,Initmates,Intimate,Dresses
1505,816,24,Disappointed,Item arrived with torn seams and looks completely different from the pictures.,1,0,10,General,Bottoms,Pants
1506,1134,52,Disappointed,"Terrible material, feels cheap and fits horribly. Returning it immediately.",1,0,3,Initmates,Intimate,Knits
1507,871,52,Great Buy,"Okay top for everyday wear, but the color is slightly darker than pictured.",3,1,10,Initmates,Dresses,Blouses
1508,1141,52,Great Buy,"The sweater is warm, soft, and stylish. Fits true to size and looks elegant.",5,1,5,General Petite,Intimate,Pants
1509,850,32,Great Buy,Super cute top! The embroidery details are amazing and material feels premium.,5,1,8,General,Dresses,Pants
1510,1164,36,Disappointed,Sizing is completely off. Ordered my usual size and couldn't even zip it.,1,0,12,General,Intimate,Knits
1511,1058,24,Great Buy,Great quality fabric and beautiful fit. Got so many compliments at work.,5,1,6,Initmates,Bottoms,Pants
1512,883,62,Disappointed,Poor stitching and completely see-through. Definitely not worth the price.,1,0,6,Initmates,Tops,Fine knit
1513,880,35,Disappointed,"Disappointing purchase. Cheap fabric, scratchy texture, and poor tailoring.",1,0,3,General Petite,Bottoms,Dresses
1514,1179,25,Great Buy,I absolutely loved this dress! Fits perfectly and very comfortable to wear all day.,5,1,14,Initmates,Intimate,Knits
1515,946,22,Great Buy,Great quality fabric and beautiful fit. Got so many compliments at work.,5,1,0,Initmates,Bottoms,Dresses
1516,943,61,Great Buy,I absolutely loved this dress! Fits perfectly and very comfortable to wear all day.,5,1,9,Initmates,Intimate,Knits
1517,1153,65,Great Buy,"Material is fine, but the sleeves are a bit longer than expected.",3,1,1,General Petite,Tops,Dresses
1518,851,34,Great Buy,Fair product for the price point. Fits okay but nothing exceptional.,3,1,12,General Petite,Tops,Blouses
1519,1183,42,Great Buy,I absolutely loved this dress! Fits perfectly and very comfortable to wear all day.,5,1,14,Initmates,Bottoms,Dresses
1520,959,40,Disappointed,"Disappointing purchase. Cheap fabric, scratchy texture, and poor tailoring.",1,0,1,Initmates,Bottoms,Fine knit
1521,857,57,Great Buy,Soft material and nice design. Fits really well and fast shipping too.,5,1,11,General,Dresses,Pants
1522,960,38,Great Buy,"Decent quality for the price, but runs slightly small around the waist.",3,1,8,Initmates,Bottoms,Knits
1523,942,40,Disappointed,Poor stitching and completely see-through. Definitely not worth the price.,1,0,5,General,Bottoms,Fine knit
1524,1006,63,Great Buy,Very comfortable jeans with good stretch. Perfectly tailored for everyday wear.,5,1,13,General,Intimate,Blouses
1525,802,59,Great Buy,"Okay top for everyday wear, but the color is slightly darker than pictured.",3,1,4,General Petite,Intimate,Knits
1526,1185,60,Great Buy,Great quality fabric and beautiful fit. Got so many compliments at work.,5,1,6,General Petite,Tops,Pants
1527,1013,33,Disappointed,"Awful fit, looks like a sack on me. Fabric feels synthetic and uncomfortable.",1,0,14,Initmates,Intimate,Fine knit
1528,861,63,Great Buy,Fair product for the price point. Fits okay but nothing exceptional.,3,1,14,General Petite,Dresses,Pants
1529,932,39,Great Buy,One of my favorite purchases this season! Fits great and very versatile.,5,1,12,General,Dresses,Knits
1530,1190,56,Disappointed,Runs way too small and fabric is scratchy. Disappointed with the quality.,1,0,14,General Petite,Jackets,Dresses
1531,1154,59,Great Buy,"The sweater is warm, soft, and stylish. Fits true to size and looks elegant.",5,1,14,General Petite,Tops,Fine knit
1532,1170,23,Disappointed,Way over-priced for such thin material. Doesn't look good at all.,1,0,9,General Petite,Intimate,Pants
1533,1147,47,Great Buy,Very comfortable jeans with good stretch. Perfectly tailored for everyday wear.,5,1,11,General,Intimate,Dresses
1534,1090,38,Disappointed,Sizing is completely off. Ordered my usual size and couldn't even zip it.,1,0,13,Initmates,Tops,Knits
1535,1042,52,Disappointed,"Awful fit, looks like a sack on me. Fabric feels synthetic and uncomfortable.",1,0,10,General Petite,Dresses,Knits
1536,1067,21,Great Buy,Soft material and nice design. Fits really well and fast shipping too.,5,1,13,General Petite,Intimate,Pants
1537,1158,33,Great Buy,"The sweater is warm, soft, and stylish. Fits true to size and looks elegant.",5,1,1,Initmates,Intimate,Knits
1538,853,66,Great Buy,Gorgeous color and wonderful material. Highly recommend buying this top!,5,1,8,General Petite,Dresses,Pants
1539,1026,42,Disappointed,"Awful fit, looks like a sack on me. Fabric feels synthetic and uncomfortable.",1,0,11,Initmates,Tops,Fine knit
1540,1164,22,Disappointed,Poor stitching and completely see-through. Definitely not worth the price.,1,0,2,Initmates,Tops,Blouses
1541,1158,55,Great Buy,This dress exceeded my expectations! Beautiful drape and wonderful structure.,5,1,6,Initmates,Tops,Pants
1542,1048,37,Disappointed,Item arrived with torn seams and looks completely different from the pictures.,1,0,9,General,Jackets,Dresses
1543,898,30,Great Buy,One of my favorite purchases this season! Fits great and very versatile.,5,1,13,General,Jackets,Knits
1544,959,23,Great Buy,"The sweater is warm, soft, and stylish. Fits true to size and looks elegant.",5,1,8,General,Dresses,Pants
1545,940,45,Great Buy,"Okay top for everyday wear, but the color is slightly darker than pictured.",3,1,11,General,Jackets,Pants
1546,926,37,Great Buy,I absolutely loved this dress! Fits perfectly and very comfortable to wear all day.,5,1,8,Initmates,Bottoms,Blouses
1547,1000,38,Great Buy,Great quality fabric and beautiful fit. Got so many compliments at work.,5,1,8,Initmates,Dresses,Dresses
1548,1102,56,Disappointed,Sizing is completely off. Ordered my usual size and couldn't even zip it.,1,0,5,Initmates,Bottoms,Fine knit
1549,1024,68,Great Buy,Great quality fabric and beautiful fit. Got so many compliments at work.,5,1,10,General,Intimate,Blouses
1550,828,45,Disappointed,Runs way too small and fabric is scratchy. Disappointed with the quality.,1,0,1,General,Bottoms,Pants
1551,1165,44,Disappointed,Shrank completely after the first wash! Terrible quality for the price.,1,0,5,General,Jackets,Dresses
1552,1054,23,Great Buy,Very comfortable jeans with good stretch. Perfectly tailored for everyday wear.,5,1,1,Initmates,Bottoms,Dresses
1553,1001,22,Disappointed,Way over-priced for such thin material. Doesn't look good at all.,1,0,14,General,Dresses,Dresses
1554,1112,63,Great Buy,"Material is fine, but the sleeves are a bit longer than expected.",3,1,14,General Petite,Tops,Fine knit
1555,952,53,Great Buy,"Okay top for everyday wear, but the color is slightly darker than pictured.",3,1,7,Initmates,Jackets,Pants
1556,877,38,Disappointed,Item arrived with torn seams and looks completely different from the pictures.,1,0,11,Initmates,Dresses,Fine knit
1557,819,37,Disappointed,The color faded immediately and button fell off. Very bad construction.,1,0,13,General,Jackets,Knits
1558,1055,40,Great Buy,Flattering cut and lovely fabric! Will definitely order in another color.,5,1,1,Initmates,Dresses,Dresses
1559,942,47,Disappointed,Item arrived with torn seams and looks completely different from the pictures.,1,0,0,General Petite,Dresses,Dresses
1560,1105,29,Disappointed,"Awful fit, looks like a sack on me. Fabric feels synthetic and uncomfortable.",1,0,11,General,Tops,Knits
1561,1186,50,Great Buy,One of my favorite purchases this season! Fits great and very versatile.,5,1,10,Initmates,Jackets,Knits
1562,1172,27,Great Buy,Gorgeous color and wonderful material. Highly recommend buying this top!,5,1,11,General,Intimate,Fine knit
1563,1148,42,Great Buy,Gorgeous color and wonderful material. Highly recommend buying this top!,5,1,7,General Petite,Tops,Knits
1564,880,31,Great Buy,Great quality fabric and beautiful fit. Got so many compliments at work.,5,1,8,General,Intimate,Knits
1565,1163,38,Great Buy,Soft material and nice design. Fits really well and fast shipping too.,5,1,6,General,Jackets,Pants
1566,976,42,Great Buy,Fair product for the price point. Fits okay but nothing exceptional.,3,1,12,General Petite,Dresses,Pants
1567,1048,68,Disappointed,Poor stitching and completely see-through. Definitely not worth the price.,1,0,2,General Petite,Tops,Pants
1568,1014,25,Disappointed,The color faded immediately and button fell off. Very bad construction.,1,0,9,Initmates,Jackets,Pants
1569,911,53,Disappointed,"Terrible material, feels cheap and fits horribly. Returning it immediately.",1,0,13,General Petite,Intimate,Dresses
1570,946,62,Disappointed,Way over-priced for such thin material. Doesn't look good at all.,1,0,4,Initmates,Tops,Pants
1571,947,40,Disappointed,Item arrived with torn seams and looks completely different from the pictures.,1,0,13,General,Tops,Blouses
1572,1043,51,Disappointed,Poor stitching and completely see-through. Definitely not worth the price.,1,0,13,Initmates,Dresses,Blouses
1573,1148,61,Great Buy,"Material is fine, but the sleeves are a bit longer than expected.",3,1,10,General,Dresses,Blouses
1574,1113,37,Great Buy,Gorgeous color and wonderful material. Highly recommend buying this top!,5,1,9,General Petite,Bottoms,Knits
1575,1026,66,Disappointed,"Terrible material, feels cheap and fits horribly. Returning it immediately.",1,0,5,General,Jackets,Blouses
1576,1119,35,Disappointed,The color faded immediately and button fell off. Very bad construction.,1,0,13,General,Jackets,Fine knit
1577,1092,23,Disappointed,The color faded immediately and button fell off. Very bad construction.,1,0,2,Initmates,Intimate,Knits
1578,1143,37,Great Buy,"Okay top for everyday wear, but the color is slightly darker than pictured.",3,1,13,General,Intimate,Blouses
1579,1199,45,Disappointed,Sizing is completely off. Ordered my usual size and couldn't even zip it.,1,0,14,General,Dresses,Fine knit
1580,1034,26,Great Buy,"The sweater is warm, soft, and stylish. Fits true to size and looks elegant.",5,1,0,General Petite,Intimate,Pants
1581,1035,35,Great Buy,"Okay top for everyday wear, but the color is slightly darker than pictured.",3,1,0,General,Jackets,Pants
1582,1127,36,Disappointed,Sizing is completely off. Ordered my usual size and couldn't even zip it.,1,0,3,General,Bottoms,Dresses
1583,1072,37,Great Buy,"Decent quality for the price, but runs slightly small around the waist.",3,1,14,General,Tops,Blouses
1584,1165,21,Great Buy,This dress exceeded my expectations! Beautiful drape and wonderful structure.,5,1,6,Initmates,Intimate,Pants
1585,950,59,Great Buy,Soft material and nice design. Fits really well and fast shipping too.,5,1,9,General Petite,Intimate,Knits
1586,1154,61,Disappointed,"Awful fit, looks like a sack on me. Fabric feels synthetic and uncomfortable.",1,0,3,Initmates,Tops,Dresses
1587,1177,39,Disappointed,Way over-priced for such thin material. Doesn't look good at all.,1,0,14,Initmates,Intimate,Blouses
1588,1041,27,Great Buy,One of my favorite purchases this season! Fits great and very versatile.,5,1,9,General Petite,Tops,Pants
1589,1048,48,Disappointed,Runs way too small and fabric is scratchy. Disappointed with the quality.,1,0,10,General Petite,Bottoms,Blouses
1590,948,46,Disappointed,Runs way too small and fabric is scratchy. Disappointed with the quality.,1,0,3,General Petite,Jackets,Pants
1591,1102,52,Disappointed,Runs way too small and fabric is scratchy. Disappointed with the quality.,1,0,6,General Petite,Jackets,Blouses
1592,976,53,Great Buy,This dress exceeded my expectations! Beautiful drape and wonderful structure.,5,1,13,General Petite,Intimate,Pants
1593,1064,30,Great Buy,Great quality fabric and beautiful fit. Got so many compliments at work.,5,1,2,Initmates,Dresses,Knits
1594,951,48,Disappointed,The color faded immediately and button fell off. Very bad construction.,1,0,8,General Petite,Dresses,Blouses
1595,1197,33,Disappointed,"Terrible material, feels cheap and fits horribly. Returning it immediately.",1,0,12,General Petite,Bottoms,Pants
1596,884,26,Disappointed,"Disappointing purchase. Cheap fabric, scratchy texture, and poor tailoring.",1,0,11,General,Intimate,Dresses
1597,910,31,Disappointed,"Disappointing purchase. Cheap fabric, scratchy texture, and poor tailoring.",1,0,6,General,Bottoms,Fine knit
1598,808,31,Great Buy,Fair product for the price point. Fits okay but nothing exceptional.,3,1,11,General Petite,Tops,Dresses
1599,932,68,Disappointed,"Awful fit, looks like a sack on me. Fabric feels synthetic and uncomfortable.",1,0,11,General,Dresses,Dresses
1600,972,68,Disappointed,The color faded immediately and button fell off. Very bad construction.,1,0,13,Initmates,Dresses,Fine knit
1601,977,56,Disappointed,Poor stitching and completely see-through. Definitely not worth the price.,1,0,3,Initmates,Intimate,Knits
1602,1088,52,Disappointed,Way over-priced for such thin material. Doesn't look good at all.,1,0,4,General,Dresses,Dresses
1603,1021,59,Disappointed,"Awful fit, looks like a sack on me. Fabric feels synthetic and uncomfortable.",1,0,11,General Petite,Intimate,Dresses
1604,861,63,Great Buy,Fair product for the price point. Fits okay but nothing exceptional.,3,1,13,General,Intimate,Fine knit
1605,1025,51,Great Buy,"Okay top for everyday wear, but the color is slightly darker than pictured.",3,1,7,Initmates,Tops,Pants
1606,802,52,Great Buy,Fair product for the price point. Fits okay but nothing exceptional.,3,1,14,Initmates,Intimate,Knits
1607,1041,25,Great Buy,Super cute top! The embroidery details are amazing and material feels premium.,5,1,9,Initmates,Jackets,Knits
1608,824,24,Great Buy,Super cute top! The embroidery details are amazing and material feels premium.,5,1,3,General,Jackets,Pants
1609,824,51,Disappointed,Runs way too small and fabric is scratchy. Disappointed with the quality.,1,0,12,General,Bottoms,Fine knit
1610,1035,65,Great Buy,Cute design but required ironing out of the bag. Average quality overall.,3,1,1,Initmates,Tops,Pants
1611,962,61,Great Buy,Very comfortable jeans with good stretch. Perfectly tailored for everyday wear.,5,1,7,Initmates,Tops,Dresses
1612,804,53,Great Buy,Gorgeous color and wonderful material. Highly recommend buying this top!,5,1,11,Initmates,Dresses,Dresses
1613,1014,43,Great Buy,This dress exceeded my expectations! Beautiful drape and wonderful structure.,5,1,7,General,Tops,Fine knit
1614,1185,66,Disappointed,Way over-priced for such thin material. Doesn't look good at all.,1,0,5,General Petite,Bottoms,Pants
1615,1095,43,Disappointed,The color faded immediately and button fell off. Very bad construction.,1,0,12,General Petite,Jackets,Blouses
1616,978,35,Disappointed,Item arrived with torn seams and looks completely different from the pictures.,1,0,1,General,Jackets,Dresses
1617,899,63,Great Buy,Flattering cut and lovely fabric! Will definitely order in another color.,5,1,10,General,Intimate,Blouses
1618,1028,54,Disappointed,Way over-priced for such thin material. Doesn't look good at all.,1,0,10,General,Tops,Knits
1619,946,42,Great Buy,I absolutely loved this dress! Fits perfectly and very comfortable to wear all day.,5,1,7,General Petite,Intimate,Blouses
1620,1053,40,Disappointed,"Awful fit, looks like a sack on me. Fabric feels synthetic and uncomfortable.",1,0,4,General Petite,Dresses,Blouses
1621,942,56,Great Buy,Soft material and nice design. Fits really well and fast shipping too.,5,1,0,Initmates,Jackets,Knits
1622,957,33,Great Buy,"Okay top for everyday wear, but the color is slightly darker than pictured.",3,1,8,General Petite,Intimate,Blouses
1623,1021,24,Disappointed,"Terrible material, feels cheap and fits horribly. Returning it immediately.",1,0,1,General,Intimate,Knits
1624,926,34,Great Buy,Flattering cut and lovely fabric! Will definitely order in another color.,5,1,11,General,Tops,Knits
1625,1016,63,Great Buy,Super cute top! The embroidery details are amazing and material feels premium.,5,1,9,General,Intimate,Blouses
1626,1027,69,Disappointed,"Terrible material, feels cheap and fits horribly. Returning it immediately.",1,0,12,Initmates,Dresses,Knits
1627,864,31,Great Buy,"The sweater is warm, soft, and stylish. Fits true to size and looks elegant.",5,1,9,Initmates,Bottoms,Dresses
1628,850,41,Disappointed,"Awful fit, looks like a sack on me. Fabric feels synthetic and uncomfortable.",1,0,2,General Petite,Dresses,Blouses
1629,946,20,Great Buy,Great quality fabric and beautiful fit. Got so many compliments at work.,5,1,11,General,Tops,Pants
1630,1054,41,Disappointed,Item arrived with torn seams and looks completely different from the pictures.,1,0,9,General Petite,Bottoms,Fine knit
1631,916,51,Disappointed,"Disappointing purchase. Cheap fabric, scratchy texture, and poor tailoring.",1,0,14,Initmates,Bottoms,Pants
1632,1141,33,Disappointed,"Awful fit, looks like a sack on me. Fabric feels synthetic and uncomfortable.",1,0,2,Initmates,Tops,Pants
1633,932,48,Disappointed,Poor stitching and completely see-through. Definitely not worth the price.,1,0,1,General Petite,Bottoms,Dresses
1634,1173,54,Disappointed,Sizing is completely off. Ordered my usual size and couldn't even zip it.,1,0,7,General,Tops,Pants
1635,1176,67,Disappointed,"Disappointing purchase. Cheap fabric, scratchy texture, and poor tailoring.",1,0,2,General,Dresses,Blouses
1636,951,29,Great Buy,Very comfortable jeans with good stretch. Perfectly tailored for everyday wear.,5,1,0,Initmates,Tops,Fine knit
1637,1122,27,Great Buy,Great quality fabric and beautiful fit. Got so many compliments at work.,5,1,12,General Petite,Jackets,Blouses
1638,1085,29,Great Buy,Flattering cut and lovely fabric! Will definitely order in another color.,5,1,7,Initmates,Dresses,Fine knit
1639,874,24,Disappointed,"Terrible material, feels cheap and fits horribly. Returning it immediately.",1,0,5,General,Jackets,Blouses
1640,1087,58,Great Buy,This dress exceeded my expectations! Beautiful drape and wonderful structure.,5,1,0,General Petite,Jackets,Knits
1641,889,23,Great Buy,Very comfortable jeans with good stretch. Perfectly tailored for everyday wear.,5,1,11,General,Tops,Blouses
1642,1176,34,Great Buy,"Okay top for everyday wear, but the color is slightly darker than pictured.",3,1,0,General,Dresses,Knits
1643,1101,69,Disappointed,Poor stitching and completely see-through. Definitely not worth the price.,1,0,2,General Petite,Bottoms,Knits
1644,841,58,Disappointed,"Disappointing purchase. Cheap fabric, scratchy texture, and poor tailoring.",1,0,14,General,Jackets,Knits
1645,868,56,Great Buy,Great quality fabric and beautiful fit. Got so many compliments at work.,5,1,12,General Petite,Bottoms,Knits
1646,1148,32,Great Buy,Fair product for the price point. Fits okay but nothing exceptional.,3,1,13,Initmates,Tops,Fine knit
1647,1078,36,Great Buy,Great quality fabric and beautiful fit. Got so many compliments at work.,5,1,3,Initmates,Dresses,Knits
1648,847,34,Disappointed,"Terrible material, feels cheap and fits horribly. Returning it immediately.",1,0,10,Initmates,Tops,Blouses
1649,879,60,Disappointed,"Terrible material, feels cheap and fits horribly. Returning it immediately.",1,0,14,General,Dresses,Fine knit
1650,933,56,Great Buy,Super cute top! The embroidery details are amazing and material feels premium.,5,1,7,General Petite,Dresses,Blouses
1651,964,27,Great Buy,"The sweater is warm, soft, and stylish. Fits true to size and looks elegant.",5,1,12,General,Jackets,Pants
1652,1179,21,Great Buy,Soft material and nice design. Fits really well and fast shipping too.,5,1,10,General,Intimate,Blouses
1653,1023,57,Disappointed,"Awful fit, looks like a sack on me. Fabric feels synthetic and uncomfortable.",1,0,7,General,Intimate,Fine knit
1654,1134,30,Disappointed,Sizing is completely off. Ordered my usual size and couldn't even zip it.,1,0,7,Initmates,Dresses,Blouses
1655,1098,45,Great Buy,Very comfortable jeans with good stretch. Perfectly tailored for everyday wear.,5,1,3,General,Intimate,Knits
1656,988,65,Great Buy,Great quality fabric and beautiful fit. Got so many compliments at work.,5,1,8,General Petite,Jackets,Knits
1657,893,34,Disappointed,Poor stitching and completely see-through. Definitely not worth the price.,1,0,7,General,Bottoms,Pants
1658,1042,61,Disappointed,The color faded immediately and button fell off. Very bad construction.,1,0,4,General,Jackets,Blouses
1659,860,36,Disappointed,Way over-priced for such thin material. Doesn't look good at all.,1,0,9,General Petite,Bottoms,Knits
1660,1011,39,Great Buy,One of my favorite purchases this season! Fits great and very versatile.,5,1,2,General Petite,Tops,Fine knit
1661,1117,28,Great Buy,I absolutely loved this dress! Fits perfectly and very comfortable to wear all day.,5,1,12,General,Jackets,Knits
1662,834,51,Great Buy,Flattering cut and lovely fabric! Will definitely order in another color.,5,1,3,General,Tops,Dresses
1663,951,41,Disappointed,Poor stitching and completely see-through. Definitely not worth the price.,1,0,13,General Petite,Jackets,Knits
1664,854,62,Great Buy,I absolutely loved this dress! Fits perfectly and very comfortable to wear all day.,5,1,0,General Petite,Jackets,Dresses
1665,908,52,Disappointed,Sizing is completely off. Ordered my usual size and couldn't even zip it.,1,0,12,General Petite,Bottoms,Pants
1666,1142,39,Great Buy,I absolutely loved this dress! Fits perfectly and very comfortable to wear all day.,5,1,10,General,Jackets,Pants
1667,1095,45,Disappointed,Item arrived with torn seams and looks completely different from the pictures.,1,0,14,General,Tops,Pants
1668,898,22,Great Buy,Soft material and nice design. Fits really well and fast shipping too.,5,1,12,General,Dresses,Dresses
1669,1184,46,Great Buy,Soft material and nice design. Fits really well and fast shipping too.,5,1,2,General Petite,Dresses,Pants
1670,1112,32,Great Buy,Soft material and nice design. Fits really well and fast shipping too.,5,1,3,General,Jackets,Pants
1671,857,33,Great Buy,Gorgeous color and wonderful material. Highly recommend buying this top!,5,1,13,Initmates,Dresses,Dresses
1672,1076,63,Great Buy,Great quality fabric and beautiful fit. Got so many compliments at work.,5,1,2,General Petite,Dresses,Knits
1673,897,42,Disappointed,Runs way too small and fabric is scratchy. Disappointed with the quality.,1,0,1,General Petite,Jackets,Knits
1674,1094,35,Disappointed,Runs way too small and fabric is scratchy. Disappointed with the quality.,1,0,6,Initmates,Jackets,Knits
1675,1024,68,Disappointed,The color faded immediately and button fell off. Very bad construction.,1,0,3,General Petite,Tops,Dresses
1676,1193,52,Disappointed,Shrank completely after the first wash! Terrible quality for the price.,1,0,5,Initmates,Tops,Fine knit
1677,852,59,Great Buy,This dress exceeded my expectations! Beautiful drape and wonderful structure.,5,1,10,General Petite,Bottoms,Fine knit
1678,1178,66,Disappointed,Runs way too small and fabric is scratchy. Disappointed with the quality.,1,0,14,General Petite,Intimate,Blouses
1679,1179,53,Disappointed,Sizing is completely off. Ordered my usual size and couldn't even zip it.,1,0,9,General,Dresses,Fine knit
1680,1199,28,Great Buy,I absolutely loved this dress! Fits perfectly and very comfortable to wear all day.,5,1,3,General Petite,Jackets,Dresses
1681,1005,34,Great Buy,Flattering cut and lovely fabric! Will definitely order in another color.,5,1,8,General,Intimate,Knits
1682,1159,27,Great Buy,Flattering cut and lovely fabric! Will definitely order in another color.,5,1,9,General,Jackets,Pants
1683,933,45,Disappointed,"Terrible material, feels cheap and fits horribly. Returning it immediately.",1,0,7,General,Dresses,Pants
1684,1019,60,Disappointed,"Awful fit, looks like a sack on me. Fabric feels synthetic and uncomfortable.",1,0,13,General Petite,Bottoms,Fine knit
1685,1089,25,Great Buy,Great quality fabric and beautiful fit. Got so many compliments at work.,5,1,10,General,Intimate,Fine knit
1686,987,18,Great Buy,One of my favorite purchases this season! Fits great and very versatile.,5,1,4,General,Jackets,Blouses
1687,1030,35,Great Buy,This dress exceeded my expectations! Beautiful drape and wonderful structure.,5,1,1,General Petite,Tops,Blouses
1688,921,61,Great Buy,"The sweater is warm, soft, and stylish. Fits true to size and looks elegant.",5,1,6,Initmates,Tops,Blouses
1689,1067,57,Great Buy,Very comfortable jeans with good stretch. Perfectly tailored for everyday wear.,5,1,12,Initmates,Tops,Blouses
1690,1102,29,Great Buy,Gorgeous color and wonderful material. Highly recommend buying this top!,5,1,3,Initmates,Intimate,Fine knit
1691,1191,48,Disappointed,The color faded immediately and button fell off. Very bad construction.,1,0,10,General Petite,Dresses,Fine knit
1692,1137,44,Disappointed,"Disappointing purchase. Cheap fabric, scratchy texture, and poor tailoring.",1,0,4,General,Jackets,Pants
1693,1170,68,Great Buy,This dress exceeded my expectations! Beautiful drape and wonderful structure.,5,1,8,Initmates,Bottoms,Knits
1694,1147,20,Great Buy,One of my favorite purchases this season! Fits great and very versatile.,5,1,3,Initmates,Intimate,Dresses
1695,1032,36,Great Buy,Super cute top! The embroidery details are amazing and material feels premium.,5,1,6,General Petite,Bottoms,Fine knit
1696,1032,57,Disappointed,The color faded immediately and button fell off. Very bad construction.,1,0,10,General Petite,Bottoms,Pants
1697,981,63,Disappointed,Shrank completely after the first wash! Terrible quality for the price.,1,0,0,General,Dresses,Blouses
1698,826,65,Disappointed,Shrank completely after the first wash! Terrible quality for the price.,1,0,2,General Petite,Intimate,Dresses
1699,804,61,Great Buy,Super cute top! The embroidery details are amazing and material feels premium.,5,1,7,Initmates,Dresses,Dresses
1700,1103,18,Great Buy,"Okay top for everyday wear, but the color is slightly darker than pictured.",3,1,1,General,Dresses,Blouses
1701,976,35,Disappointed,Shrank completely after the first wash! Terrible quality for the price.,1,0,0,Initmates,Jackets,Pants
1702,998,43,Great Buy,One of my favorite purchases this season! Fits great and very versatile.,5,1,4,Initmates,Dresses,Fine knit
1703,1026,43,Disappointed,Shrank completely after the first wash! Terrible quality for the price.,1,0,9,General Petite,Tops,Pants
1704,964,39,Great Buy,Gorgeous color and wonderful material. Highly recommend buying this top!,5,1,2,General Petite,Tops,Dresses
1705,1036,20,Great Buy,Gorgeous color and wonderful material. Highly recommend buying this top!,5,1,4,Initmates,Intimate,Knits
1706,999,65,Disappointed,Way over-priced for such thin material. Doesn't look good at all.,1,0,10,General,Bottoms,Fine knit
1707,959,21,Great Buy,One of my favorite purchases this season! Fits great and very versatile.,5,1,3,General Petite,Dresses,Pants
1708,954,25,Great Buy,Gorgeous color and wonderful material. Highly recommend buying this top!,5,1,1,Initmates,Dresses,Pants
1709,1001,54,Great Buy,Great quality fabric and beautiful fit. Got so many compliments at work.,5,1,4,General Petite,Dresses,Blouses
1710,863,38,Disappointed,"Terrible material, feels cheap and fits horribly. Returning it immediately.",1,0,3,General,Jackets,Dresses
1711,1172,49,Disappointed,Way over-priced for such thin material. Doesn't look good at all.,1,0,10,General Petite,Bottoms,Dresses
1712,1129,19,Great Buy,Super cute top! The embroidery details are amazing and material feels premium.,5,1,14,General,Jackets,Pants
1713,1084,35,Disappointed,Item arrived with torn seams and looks completely different from the pictures.,1,0,9,General Petite,Bottoms,Fine knit
1714,910,46,Disappointed,Poor stitching and completely see-through. Definitely not worth the price.,1,0,1,General Petite,Intimate,Dresses
1715,1168,59,Disappointed,Shrank completely after the first wash! Terrible quality for the price.,1,0,1,General Petite,Bottoms,Pants
1716,1180,60,Disappointed,Poor stitching and completely see-through. Definitely not worth the price.,1,0,11,Initmates,Bottoms,Knits
1717,1164,63,Disappointed,Shrank completely after the first wash! Terrible quality for the price.,1,0,6,General,Dresses,Blouses
1718,977,26,Disappointed,"Awful fit, looks like a sack on me. Fabric feels synthetic and uncomfortable.",1,0,11,General Petite,Jackets,Pants
1719,971,34,Great Buy,Super cute top! The embroidery details are amazing and material feels premium.,5,1,1,General,Jackets,Pants
1720,987,58,Great Buy,Flattering cut and lovely fabric! Will definitely order in another color.,5,1,11,General,Intimate,Dresses
1721,1027,40,Great Buy,Super cute top! The embroidery details are amazing and material feels premium.,5,1,11,General Petite,Dresses,Dresses
1722,875,67,Great Buy,Soft material and nice design. Fits really well and fast shipping too.,5,1,7,Initmates,Tops,Fine knit
1723,808,58,Disappointed,Poor stitching and completely see-through. Definitely not worth the price.,1,0,5,General,Tops,Dresses
1724,952,19,Disappointed,"Disappointing purchase. Cheap fabric, scratchy texture, and poor tailoring.",1,0,8,General Petite,Bottoms,Knits
1725,880,46,Great Buy,"Decent quality for the price, but runs slightly small around the waist.",3,1,8,Initmates,Jackets,Dresses
1726,1090,61,Disappointed,"Terrible material, feels cheap and fits horribly. Returning it immediately.",1,0,3,General Petite,Dresses,Knits
1727,1137,28,Great Buy,Gorgeous color and wonderful material. Highly recommend buying this top!,5,1,10,General,Intimate,Blouses
1728,1087,66,Disappointed,Item arrived with torn seams and looks completely different from the pictures.,1,0,3,General Petite,Bottoms,Fine knit
1729,1072,69,Disappointed,Sizing is completely off. Ordered my usual size and couldn't even zip it.,1,0,1,General Petite,Intimate,Dresses
1730,967,27,Great Buy,Flattering cut and lovely fabric! Will definitely order in another color.,5,1,5,General Petite,Jackets,Dresses
1731,854,43,Disappointed,Way over-priced for such thin material. Doesn't look good at all.,1,0,6,Initmates,Intimate,Knits
1732,991,47,Great Buy,Very comfortable jeans with good stretch. Perfectly tailored for everyday wear.,5,1,12,General Petite,Intimate,Blouses
1733,1046,61,Great Buy,Gorgeous color and wonderful material. Highly recommend buying this top!,5,1,11,General Petite,Tops,Blouses
1734,899,59,Great Buy,"The sweater is warm, soft, and stylish. Fits true to size and looks elegant.",5,1,13,General,Intimate,Dresses
1735,1148,37,Great Buy,Super cute top! The embroidery details are amazing and material feels premium.,5,1,10,General,Intimate,Pants
1736,898,33,Great Buy,I absolutely loved this dress! Fits perfectly and very comfortable to wear all day.,5,1,3,General,Jackets,Blouses
1737,817,28,Great Buy,This dress exceeded my expectations! Beautiful drape and wonderful structure.,5,1,14,Initmates,Tops,Blouses
1738,1190,66,Disappointed,Sizing is completely off. Ordered my usual size and couldn't even zip it.,1,0,11,Initmates,Tops,Pants
1739,812,47,Great Buy,Very comfortable jeans with good stretch. Perfectly tailored for everyday wear.,5,1,12,Initmates,Jackets,Fine knit
1740,1059,69,Disappointed,"Terrible material, feels cheap and fits horribly. Returning it immediately.",1,0,4,General Petite,Jackets,Knits
1741,1143,35,Great Buy,I absolutely loved this dress! Fits perfectly and very comfortable to wear all day.,5,1,12,Initmates,Bottoms,Blouses
1742,1178,66,Great Buy,Very comfortable jeans with good stretch. Perfectly tailored for everyday wear.,5,1,9,General Petite,Jackets,Knits
1743,1170,57,Disappointed,"Disappointing purchase. Cheap fabric, scratchy texture, and poor tailoring.",1,0,14,General Petite,Jackets,Knits
1744,861,52,Disappointed,"Awful fit, looks like a sack on me. Fabric feels synthetic and uncomfortable.",1,0,13,Initmates,Tops,Blouses
1745,1111,69,Disappointed,"Disappointing purchase. Cheap fabric, scratchy texture, and poor tailoring.",1,0,10,Initmates,Dresses,Blouses
1746,882,19,Disappointed,Poor stitching and completely see-through. Definitely not worth the price.,1,0,1,General Petite,Intimate,Pants
1747,1096,54,Disappointed,Sizing is completely off. Ordered my usual size and couldn't even zip it.,1,0,7,General Petite,Tops,Dresses
1748,815,28,Disappointed,"Terrible material, feels cheap and fits horribly. Returning it immediately.",1,0,4,General Petite,Dresses,Knits
1749,1122,63,Great Buy,Great quality fabric and beautiful fit. Got so many compliments at work.,5,1,11,General Petite,Dresses,Blouses
1750,969,42,Great Buy,"Material is fine, but the sleeves are a bit longer than expected.",3,1,10,Initmates,Tops,Dresses
1751,1164,36,Great Buy,Very comfortable jeans with good stretch. Perfectly tailored for everyday wear.,5,1,8,General Petite,Jackets,Dresses
1752,1149,21,Disappointed,Sizing is completely off. Ordered my usual size and couldn't even zip it.,1,0,13,General,Dresses,Blouses
1753,1024,64,Great Buy,One of my favorite purchases this season! Fits great and very versatile.,5,1,6,General Petite,Jackets,Pants
1754,1013,45,Disappointed,Shrank completely after the first wash! Terrible quality for the price.,1,0,8,General Petite,Bottoms,Blouses
1755,981,34,Great Buy,One of my favorite purchases this season! Fits great and very versatile.,5,1,4,Initmates,Dresses,Blouses
1756,845,24,Disappointed,Way over-priced for such thin material. Doesn't look good at all.,1,0,0,General Petite,Tops,Knits
1757,906,44,Great Buy,"Decent quality for the price, but runs slightly small around the waist.",3,1,3,General,Tops,Blouses
1758,943,26,Great Buy,I absolutely loved this dress! Fits perfectly and very comfortable to wear all day.,5,1,7,General Petite,Dresses,Pants
1759,917,36,Disappointed,Runs way too small and fabric is scratchy. Disappointed with the quality.,1,0,10,Initmates,Intimate,Pants
1760,919,39,Great Buy,Flattering cut and lovely fabric! Will definitely order in another color.,5,1,8,General Petite,Intimate,Dresses
1761,858,23,Disappointed,"Awful fit, looks like a sack on me. Fabric feels synthetic and uncomfortable.",1,0,12,General,Bottoms,Dresses
1762,853,66,Disappointed,The color faded immediately and button fell off. Very bad construction.,1,0,2,General,Intimate,Knits
1763,813,58,Great Buy,This dress exceeded my expectations! Beautiful drape and wonderful structure.,5,1,9,General,Tops,Blouses
1764,997,49,Great Buy,Great quality fabric and beautiful fit. Got so many compliments at work.,5,1,7,General,Jackets,Blouses
1765,1093,53,Great Buy,Gorgeous color and wonderful material. Highly recommend buying this top!,5,1,6,General Petite,Tops,Pants
1766,1010,43,Disappointed,Sizing is completely off. Ordered my usual size and couldn't even zip it.,1,0,11,General Petite,Intimate,Fine knit
1767,1164,62,Great Buy,One of my favorite purchases this season! Fits great and very versatile.,5,1,14,Initmates,Bottoms,Fine knit
1768,841,19,Disappointed,"Awful fit, looks like a sack on me. Fabric feels synthetic and uncomfortable.",1,0,5,General Petite,Tops,Blouses
1769,1066,29,Great Buy,Very comfortable jeans with good stretch. Perfectly tailored for everyday wear.,5,1,9,General,Bottoms,Fine knit
1770,1038,50,Disappointed,Shrank completely after the first wash! Terrible quality for the price.,1,0,12,General Petite,Tops,Dresses
1771,1060,33,Disappointed,Shrank completely after the first wash! Terrible quality for the price.,1,0,2,General Petite,Bottoms,Fine knit
1772,1122,64,Great Buy,Super cute top! The embroidery details are amazing and material feels premium.,5,1,8,Initmates,Tops,Pants
1773,1038,22,Disappointed,Shrank completely after the first wash! Terrible quality for the price.,1,0,5,General,Tops,Pants
1774,1079,38,Disappointed,Sizing is completely off. Ordered my usual size and couldn't even zip it.,1,0,11,Initmates,Dresses,Fine knit
1775,963,44,Disappointed,Shrank completely after the first wash! Terrible quality for the price.,1,0,3,General,Tops,Knits
1776,1029,57,Great Buy,"The sweater is warm, soft, and stylish. Fits true to size and looks elegant.",5,1,9,General Petite,Intimate,Blouses
1777,1115,61,Great Buy,One of my favorite purchases this season! Fits great and very versatile.,5,1,8,General Petite,Tops,Dresses
1778,1056,64,Disappointed,Runs way too small and fabric is scratchy. Disappointed with the quality.,1,0,9,General Petite,Dresses,Pants
1779,1101,32,Great Buy,"Decent quality for the price, but runs slightly small around the waist.",3,1,10,General,Jackets,Blouses
1780,898,20,Great Buy,I absolutely loved this dress! Fits perfectly and very comfortable to wear all day.,5,1,5,Initmates,Intimate,Fine knit
1781,810,52,Great Buy,"Material is fine, but the sleeves are a bit longer than expected.",3,1,14,General Petite,Bottoms,Knits
1782,902,69,Disappointed,Poor stitching and completely see-through. Definitely not worth the price.,1,0,13,Initmates,Intimate,Dresses
1783,894,19,Disappointed,Item arrived with torn seams and looks completely different from the pictures.,1,0,12,Initmates,Bottoms,Fine knit
1784,1101,52,Disappointed,The color faded immediately and button fell off. Very bad construction.,1,0,9,Initmates,Bottoms,Pants
1785,1095,64,Great Buy,This dress exceeded my expectations! Beautiful drape and wonderful structure.,5,1,9,Initmates,Dresses,Fine knit
1786,916,27,Disappointed,Runs way too small and fabric is scratchy. Disappointed with the quality.,1,0,12,General Petite,Jackets,Dresses
1787,1183,19,Great Buy,I absolutely loved this dress! Fits perfectly and very comfortable to wear all day.,5,1,2,Initmates,Intimate,Knits
1788,822,65,Disappointed,"Disappointing purchase. Cheap fabric, scratchy texture, and poor tailoring.",1,0,13,General,Tops,Knits
1789,943,38,Great Buy,Very comfortable jeans with good stretch. Perfectly tailored for everyday wear.,5,1,11,General,Intimate,Pants
1790,934,46,Great Buy,Gorgeous color and wonderful material. Highly recommend buying this top!,5,1,14,General,Tops,Knits
1791,1050,43,Great Buy,Fair product for the price point. Fits okay but nothing exceptional.,3,1,13,Initmates,Tops,Fine knit
1792,911,25,Disappointed,"Awful fit, looks like a sack on me. Fabric feels synthetic and uncomfortable.",1,0,2,Initmates,Dresses,Pants
1793,860,40,Great Buy,Cute design but required ironing out of the bag. Average quality overall.,3,1,14,General Petite,Dresses,Dresses
1794,837,64,Disappointed,Shrank completely after the first wash! Terrible quality for the price.,1,0,11,General,Bottoms,Knits
1795,1175,51,Disappointed,"Terrible material, feels cheap and fits horribly. Returning it immediately.",1,0,7,General,Jackets,Blouses
1796,874,36,Disappointed,"Awful fit, looks like a sack on me. Fabric feels synthetic and uncomfortable.",1,0,14,Initmates,Jackets,Knits
1797,1050,62,Disappointed,"Terrible material, feels cheap and fits horribly. Returning it immediately.",1,0,0,General,Dresses,Fine knit
1798,1034,34,Disappointed,Way over-priced for such thin material. Doesn't look good at all.,1,0,0,General Petite,Jackets,Knits
1799,1117,48,Disappointed,The color faded immediately and button fell off. Very bad construction.,1,0,14,General Petite,Intimate,Knits
